item_key,prediction_item_key,release,review_status,gold_components,prediction_components,component_tp_iou50,component_tp_iou75,component_best_assignment_mean_iou,gold_regions,prediction_regions,region_tp_iou50,page_union_iou,page_pixel_precision,page_pixel_recall,extra_prediction_pixels,missed_gold_pixels,annotation_issues
d1_r003_u004_200dpi_earlier,d1_r003_u004_200dpi_earlier,earlier,complete,4,4,4,4,0.979996,4,4,4,0.989639,0.998425,0.991186,2047,11542,
d1_r003_u004_200dpi_later,d1_r003_u004_200dpi_later,later,complete,10,10,10,10,0.950335,7,7,7,0.958027,0.991445,0.966013,1875,7645,
d1_r005_u006_200dpi_earlier,d1_r005_u006_200dpi_earlier,earlier,complete,7,7,7,7,0.914753,5,5,5,0.923461,0.970591,0.950044,1406,2440,
d1_r005_u006_200dpi_later,d1_r005_u006_200dpi_later,later,complete,0,0,0,0,0.0,0,0,0,1.0,1.0,1.0,0,0,
d1_r006_u007_200dpi_earlier,d1_r006_u007_200dpi_earlier,earlier,complete,3,3,3,3,0.976923,3,3,3,0.989823,0.995548,0.994224,839,1090,
d1_r006_u007_200dpi_later,d1_r006_u007_200dpi_later,later,complete,2,2,2,2,0.988798,2,2,2,0.988307,0.999607,0.988691,94,2738,
d2_r003_u004_200dpi_earlier,d2_r003_u004_200dpi_earlier,earlier,complete,6,6,6,6,0.962092,6,6,6,0.993899,0.999289,0.994602,1099,8380,
d2_r003_u004_200dpi_later,d2_r003_u004_200dpi_later,later,complete,12,12,12,12,0.935503,8,9,7,0.933695,0.987969,0.944433,1747,8441,
d2_r004_u005_200dpi_earlier,d2_r004_u005_200dpi_earlier,earlier,complete,6,6,6,6,0.928837,3,3,3,0.964513,0.989578,0.974411,3729,9298,
d2_r004_u005_200dpi_later,d2_r004_u005_200dpi_later,later,complete,5,5,5,5,0.946791,4,4,4,0.948806,0.986514,0.961274,2245,6616,
d2_r005_u006_200dpi_earlier,d2_r005_u006_200dpi_earlier,earlier,complete,5,5,5,5,0.976047,3,3,3,0.987464,0.996435,0.990965,2176,5545,
d2_r005_u006_200dpi_later,d2_r005_u006_200dpi_later,later,complete,4,4,4,4,0.970657,4,4,4,0.980808,0.998956,0.981814,271,4803,
d2_r007_u009_200dpi_earlier,d2_r007_u009_200dpi_earlier,earlier,complete,3,3,3,3,0.964095,3,3,3,0.986718,0.99849,0.988192,1230,9719,
d2_r007_u009_200dpi_later,d2_r007_u009_200dpi_later,later,complete,4,4,4,4,0.924807,3,3,3,0.928655,0.983122,0.9437,1781,6189,
d2_r008_u010_200dpi_earlier,d2_r008_u010_200dpi_earlier,earlier,complete,0,0,0,0,0.0,0,0,0,1.0,1.0,1.0,0,0,
d2_r008_u010_200dpi_later,d2_r008_u010_200dpi_later,later,complete,0,0,0,0,0.0,0,0,0,1.0,1.0,1.0,0,0,
d3_r003_u004_200dpi_earlier,d3_r003_u004_200dpi_earlier,earlier,complete,3,3,3,3,0.944238,2,2,2,0.996727,0.998912,0.99781,2105,4242,
d3_r003_u004_200dpi_later,d3_r003_u004_200dpi_later,later,complete,5,5,5,5,0.916653,5,4,4,0.900951,0.956163,0.939768,7224,10099,
d3_r004_u005_200dpi_earlier,d3_r004_u005_200dpi_earlier,earlier,complete,4,4,4,4,0.963349,3,3,3,0.991636,0.999457,0.992171,667,9684,
d3_r004_u005_200dpi_later,d3_r004_u005_200dpi_later,later,complete,9,9,9,9,0.949887,7,7,7,0.962268,0.993615,0.968255,1822,9296,
d3_r005_u006_200dpi_earlier,d3_r005_u006_200dpi_earlier,earlier,complete,3,3,3,3,0.939631,3,3,3,0.931861,0.997899,0.933693,137,4620,
d3_r005_u006_200dpi_later,d3_r005_u006_200dpi_later,later,complete,2,2,2,2,0.9551,2,2,2,0.958627,0.987626,0.970281,344,841,
d3_r007_u009_200dpi_earlier,d3_r007_u009_200dpi_earlier,earlier,complete,5,5,5,5,0.948486,4,3,3,0.978555,0.992972,0.98538,2480,5199,
d3_r007_u009_200dpi_later,d3_r007_u009_200dpi_later,later,complete,3,3,3,3,0.947074,3,3,3,0.967012,0.998614,0.968312,205,4834,
d3_r008_u010_200dpi_earlier,d3_r008_u010_200dpi_earlier,earlier,complete,1,1,1,1,0.974958,1,1,1,0.974958,0.999225,0.975696,46,1477,
d3_r008_u010_200dpi_later,d3_r008_u010_200dpi_later,later,complete,0,0,0,0,0.0,0,0,0,1.0,1.0,1.0,0,0,
d4_r003_u004_200dpi_earlier,d4_r003_u004_200dpi_earlier,earlier,complete,8,8,8,8,0.912689,5,5,5,0.974248,0.995948,0.978125,3424,18819,
d4_r003_u004_200dpi_later,d4_r003_u004_200dpi_later,later,complete,13,13,13,13,0.902337,6,7,6,0.912411,0.965434,0.943224,10521,17688,
d4_r004_u005_200dpi_earlier,d4_r004_u005_200dpi_earlier,earlier,complete,6,6,6,6,0.960354,5,5,5,0.989189,0.997955,0.991198,3252,14095,
d4_r004_u005_200dpi_later,d4_r004_u005_200dpi_later,later,complete,14,14,14,14,0.920519,10,9,9,0.920858,0.990077,0.929436,3071,23264,
d4_r005_u006_200dpi_earlier,d4_r005_u006_200dpi_earlier,earlier,complete,8,8,8,7,0.913355,5,5,5,0.949342,0.993425,0.955344,2289,16167,
d4_r005_u006_200dpi_later,d4_r005_u006_200dpi_later,later,complete,7,7,7,7,0.929686,5,5,5,0.918563,0.959623,0.955491,10877,12042,
d4_r006_u007_200dpi_earlier,d4_r006_u007_200dpi_earlier,earlier,complete,5,5,5,5,0.939662,3,3,3,0.982676,0.998545,0.984085,554,6147,
d4_r006_u007_200dpi_later,d4_r006_u007_200dpi_later,later,complete,2,2,2,2,0.959387,2,2,2,0.965689,0.995388,0.970029,878,5855,
d4_r008_u009_200dpi_earlier,d4_r008_u009_200dpi_earlier,earlier,complete,3,3,3,3,0.961564,2,2,2,0.979757,0.994845,0.984756,1204,3597,
d4_r008_u009_200dpi_later,d4_r008_u009_200dpi_later,later,complete,2,2,2,2,0.952578,2,2,2,0.977829,0.999689,0.978126,42,3020,
d4_r010_u011_200dpi_earlier,d4_r010_u011_200dpi_earlier,earlier,complete,6,6,6,6,0.919494,4,4,4,0.970699,0.995162,0.975302,2732,14230,
d4_r010_u011_200dpi_later,d4_r010_u011_200dpi_later,later,complete,4,4,4,4,0.96955,4,3,3,0.969377,0.994896,0.974222,1044,5385,
d4_r011_u012_200dpi_earlier,d4_r011_u012_200dpi_earlier,earlier,complete,1,1,1,1,0.972587,1,1,1,0.972587,0.99925,0.973297,56,2048,
d4_r011_u012_200dpi_later,d4_r011_u012_200dpi_later,later,complete,0,0,0,0,0.0,0,0,0,1.0,1.0,1.0,0,0,
