source_global,target_global,rel,weight,support_count,doc_ids,weight_raw_meta
LEVEL1_COMMUNITY:0,LEVEL1_COMMUNITY:1,META_LINK,9.699037801795491,31372,2000169_CIA-RDP79T00975A005500060001-4;2000170_CIA-RDP79T00975A005500070001-3;2000172_CIA-RDP79T00975A005500090001-1;2000176_CIA-RDP79T00975A005500160001-3;2000177_CIA-RDP79T00975A005500170001-2;2000179_CIA-RDP79T00975A005500190001-0;2000180_CIA-RDP79T00975A005500200001-8;2000181_CIA-RDP79T00975A005500210001-7;2000183_CIA-RDP79T00975A005500230001-5;2000184_CIA-RDP79T00975A005500240001-4;2000186_CIA-RDP79T00975A005500280001-0;2000188_CIA-RDP79T00975A005500300001-7;2000189_CIA-RDP79T00975A005500310001-6;2000190_CIA-RDP79T00975A005500320001-5;2000193_CIA-RDP79T00975A005500350001-2;2000194_CIA-RDP79T00975A005500360001-1;2000195_CIA-RDP79T00975A005500370001-0;2000196_CIA-RDP79T00975A005500380001-9;2000198_CIA-RDP79T00975A005500400001-6;2001967_CIA-RDP79T00975A005600090001-0;2001968_CIA-RDP79T00975A005600110001-7;2001970_CIA-RDP79T00975A005600170001-1;2001974_CIA-RDP79T00975A005600280001-9;2001975_CIA-RDP79T00975A005600290001-8;2001976_CIA-RDP79T00975A005600310001-5;2001977_CIA-RDP79T00975A005600320001-4;2001978_CIA-RDP79T00975A005600330001-3;2001979_CIA-RDP79T00975A005600350001-1;2001981_CIA-RDP79T00975A005600370001-9;2001982_CIA-RDP79T00975A005600380001-8,16300.913976872991
LEVEL1_COMMUNITY:0,LEVEL1_COMMUNITY:10,META_LINK,6.643499535392503,2415,2000169_CIA-RDP79T00975A005500060001-4;2000178_CIA-RDP79T00975A005500180001-1;2000193_CIA-RDP79T00975A005500350001-2;2000194_CIA-RDP79T00975A005500360001-1;2000196_CIA-RDP79T00975A005500380001-9;2000197_CIA-RDP79T00975A005500390001-8;2000198_CIA-RDP79T00975A005500400001-6;2001973_CIA-RDP79T00975A005600250001-2;2001987_CIA-RDP79T00975A005600430001-2;2001988_CIA-RDP79T00975A005600440001-1;2003045_CIA-RDP79T00975A000100510001-3;2008412_CIA-RDP79T00975A001400460001-5;2008416_CIA-RDP79T00975A004000320001-1;2018022_CIA-RDP79T00975A001600130001-9;2020903_CIA-RDP79T00975A001200390001-5;2026613_CIA-RDP79T00975A005500450001-1;2049780_CIA-RDP79T00975A005700090001-9;2049781_CIA-RDP79T00975A005700100001-7;2049782_CIA-RDP79T00975A005700110001-6;2049783_CIA-RDP79T00975A005700120001-5;2049785_CIA-RDP79T00975A005700140001-3;2049787_CIA-RDP79T00975A005700180001-9;2049788_CIA-RDP79T00975A005700200001-6;2049792_CIA-RDP79T00975A005700330001-2;2049795_CIA-RDP79T00975A005700360001-9;2049796_CIA-RDP79T00975A005700370001-8;2049797_CIA-RDP79T00975A005700380001-7;2049800_CIA-RDP79T00975A005700410001-3;2066863_CIA-RDP79T00975A003400450001-4;2623663_CIA-RDP79T00975A000500250001-8,766.7771604593613
LEVEL1_COMMUNITY:0,LEVEL1_COMMUNITY:11,META_LINK,6.649257952198654,2106,2000173_CIA-RDP79T00975A005500120001-7;2000179_CIA-RDP79T00975A005500190001-0;2000184_CIA-RDP79T00975A005500240001-4;2000187_CIA-RDP79T00975A005500290001-9;2000188_CIA-RDP79T00975A005500300001-7;2001977_CIA-RDP79T00975A005600320001-4;2001987_CIA-RDP79T00975A005600430001-2;2001998_CIA-RDP79T00975A000300300001-4;2003050_CIA-RDP79T00975A000100600001-3;2003071_CIA-RDP79T00975A000200490001-5;2003074_CIA-RDP79T00975A000200530001-0;2008390_CIA-RDP79T00975A000400590001-2;2008416_CIA-RDP79T00975A004000320001-1;2018011_CIA-RDP79T00975A000900340001-4;2020557_CIA-RDP79T00975A000400300001-3;2027260_CIA-RDP79T00975A002600010001-1;2038287_CIA-RDP79T00975A004600250001-3;2039272_CIA-RDP79T00975A002900390001-7;2039273_CIA-RDP79T00975A002900490001-6;2049792_CIA-RDP79T00975A005700330001-2;2050111_CIA-RDP79T00975A001000040001-5;2050145_CIA-RDP79T00975A001200200001-5;2058863_CIA-RDP79T00975A001400410001-0;2063769_CIA-RDP79T00975A002800230001-5;2064612_CIA-RDP79T00975A000900540001-2;2066860_CIA-RDP79T00975A003100510001-0;2066864_CIA-RDP79T00975A003500290001-1;2066866_CIA-RDP79T00975A003600120001-8;2692623_CIA-RDP79T00975A000600520001-7;2693977_CIA-RDP79T00975A000900320001-6,771.2110953338799
LEVEL1_COMMUNITY:0,LEVEL1_COMMUNITY:12,META_LINK,7.064437353029298,2402,2000176_CIA-RDP79T00975A005500160001-3;2000178_CIA-RDP79T00975A005500180001-1;2000179_CIA-RDP79T00975A005500190001-0;2000183_CIA-RDP79T00975A005500230001-5;2000188_CIA-RDP79T00975A005500300001-7;2000189_CIA-RDP79T00975A005500310001-6;2000193_CIA-RDP79T00975A005500350001-2;2001968_CIA-RDP79T00975A005600110001-7;2001971_CIA-RDP79T00975A005600210001-6;2001973_CIA-RDP79T00975A005600250001-2;2001975_CIA-RDP79T00975A005600290001-8;2001979_CIA-RDP79T00975A005600350001-1;2001981_CIA-RDP79T00975A005600370001-9;2001983_CIA-RDP79T00975A005600390001-7;2001986_CIA-RDP79T00975A005600420001-3;2001987_CIA-RDP79T00975A005600430001-2;2001995_CIA-RDP79T00975A005700060001-2;2001998_CIA-RDP79T00975A000300300001-4;2003071_CIA-RDP79T00975A000200490001-5;2003072_CIA-RDP79T00975A000200500001-3;2003075_CIA-RDP79T00975A000200540001-9;2008407_CIA-RDP79T00975A000500200001-3;2014430_CIA-RDP79T00975A000300490001-4;2014438_CIA-RDP79T00975A000300410001-2;2016344_CIA-RDP79T00975A000600300001-1;2018012_CIA-RDP79T00975A000900350001-3;2020556_CIA-RDP79T00975A000400130001-2;2020561_CIA-RDP79T00975A000700010001-2;2020572_CIA-RDP79T00975A000900630001-2;2020584_CIA-RDP79T00975A001200260001-9,1168.6237010540524
LEVEL1_COMMUNITY:0,LEVEL1_COMMUNITY:13,META_LINK,6.530340779370087,1918,2000189_CIA-RDP79T00975A005500310001-6;2000195_CIA-RDP79T00975A005500370001-0;2001985_CIA-RDP79T00975A005600410001-4;2001988_CIA-RDP79T00975A005600440001-1;2008390_CIA-RDP79T00975A000400590001-2;2020574_CIA-RDP79T00975A001000300001-6;2022702_CIA-RDP79T00975A001700660001-0;2026616_CIA-RDP79T00975A005600040001-5;2039272_CIA-RDP79T00975A002900390001-7;2046532_CIA-RDP79T00975A000500360001-6;2049782_CIA-RDP79T00975A005700110001-6;2049783_CIA-RDP79T00975A005700120001-5;2049787_CIA-RDP79T00975A005700180001-9;2049800_CIA-RDP79T00975A005700410001-3;2058870_CIA-RDP79T00975A003400370001-3;2066861_CIA-RDP79T00975A003400380001-2;2066864_CIA-RDP79T00975A003500290001-1;2066865_CIA-RDP79T00975A003500470001-1;2685624_CIA-RDP79T00975A000700570001-1;2692608_CIA-RDP79T00975A000600170001-6;2692622_CIA-RDP79T00975A000600480001-2;2733133_CIA-RDP79T00975A000200350001-0;2733146_CIA-RDP79T00975A000400110001-4;2739299_CIA-RDP79T00975A000400310001-2;2739451_CIA-RDP79T00975A000300310001-3;2740733_CIA-RDP79T00975A000300010001-6;2745277_CIA-RDP79T00975A000300650001-6;2745281_CIA-RDP79T00975A000300700001-0;2872227_CIA-RDP79T00975A001200100001-6;2874600_CIA-RDP79T00975A003700170001-1,684.6318208649473
LEVEL1_COMMUNITY:0,LEVEL1_COMMUNITY:14,META_LINK,6.115571802793141,1285,2000176_CIA-RDP79T00975A005500160001-3;2000189_CIA-RDP79T00975A005500310001-6;2003050_CIA-RDP79T00975A000100600001-3;2003051_CIA-RDP79T00975A000200020001-6;2003074_CIA-RDP79T00975A000200530001-0;2003082_CIA-RDP79T00975A000300120001-4;2008392_CIA-RDP79T00975A000500020001-3;2008408_CIA-RDP79T00975A000500210001-2;2014429_CIA-RDP79T00975A000100500001-4;2016345_CIA-RDP79T00975A000600360001-5;2016348_CIA-RDP79T00975A000700200001-1;2018009_CIA-RDP79T00975A000900270001-2;2020577_CIA-RDP79T00975A001000390001-7;2020578_CIA-RDP79T00975A001000460001-9;2020583_CIA-RDP79T00975A001200240001-1;2020902_CIA-RDP79T00975A001200370001-7;2020904_CIA-RDP79T00975A001300330001-0;2026953_CIA-RDP79T00975A001700120001-9;2027254_CIA-RDP79T00975A001800500001-6;2046548_CIA-RDP79T00975A000500600001-9;2046568_CIA-RDP79T00975A000600500001-9;2046571_CIA-RDP79T00975A000700150001-7;2049781_CIA-RDP79T00975A005700100001-7;2050116_CIA-RDP79T00975A001000350001-1;2050130_CIA-RDP79T00975A001000540001-0;2050144_CIA-RDP79T00975A001200190001-7;2051070_CIA-RDP79T00975A000900020001-9;2059477_CIA-RDP79T00975A001200640001-7;2063771_CIA-RDP79T00975A002900190001-9;2064584_CIA-RDP79T00975A000600470001-3,451.8549170593982
LEVEL1_COMMUNITY:0,LEVEL1_COMMUNITY:15,META_LINK,6.124095967052836,1251,2000177_CIA-RDP79T00975A005500170001-2;2001970_CIA-RDP79T00975A005600170001-1;2001991_CIA-RDP79T00975A005600480001-7;2003073_CIA-RDP79T00975A000200510001-2;2014431_CIA-RDP79T00975A000300560001-6;2014435_CIA-RDP79T00975A000300340001-0;2018019_CIA-RDP79T00975A000900580001-8;2026616_CIA-RDP79T00975A005600040001-5;2026617_CIA-RDP79T00975A005600070001-2;2026945_CIA-RDP79T00975A001600330001-7;2027253_CIA-RDP79T00975A001800340001-4;2046535_CIA-RDP79T00975A000500400001-1;2046544_CIA-RDP79T00975A000500510001-9;2046562_CIA-RDP79T00975A000600090001-5;2049778_CIA-RDP79T00975A005700070001-1;2049783_CIA-RDP79T00975A005700120001-5;2049784_CIA-RDP79T00975A005700130001-4;2049792_CIA-RDP79T00975A005700330001-2;2049797_CIA-RDP79T00975A005700380001-7;2050105_CIA-RDP79T00975A000900560001-0;2050106_CIA-RDP79T00975A000900610001-4;2051072_CIA-RDP79T00975A000900080001-3;2058870_CIA-RDP79T00975A003400370001-3;2064588_CIA-RDP79T00975A000700060001-7;2682861_CIA-RDP79T00975A000100250001-2;2692629_CIA-RDP79T00975A000600580001-1;2698157_CIA-RDP79T00975A000600020001-2;2731969_CIA-RDP79T00975A005600230001-4;2745271_CIA-RDP79T00975A000300590001-3;2869406_CIA-RDP79T00975A001300030001-3,455.73162613681455
LEVEL1_COMMUNITY:0,LEVEL1_COMMUNITY:16,META_LINK,5.516543165822753,650,2000188_CIA-RDP79T00975A005500300001-7;2000189_CIA-RDP79T00975A005500310001-6;2001973_CIA-RDP79T00975A005600250001-2;2001982_CIA-RDP79T00975A005600380001-8;2001983_CIA-RDP79T00975A005600390001-7;2001991_CIA-RDP79T00975A005600480001-7;2018005_CIA-RDP79T00975A000900070001-4;2049787_CIA-RDP79T00975A005700180001-9;2049788_CIA-RDP79T00975A005700200001-6;2049789_CIA-RDP79T00975A005700220001-4;2049790_CIA-RDP79T00975A005700230001-3;2049793_CIA-RDP79T00975A005700340001-1;2049794_CIA-RDP79T00975A005700350001-0;2049800_CIA-RDP79T00975A005700410001-3;2059478_CIA-RDP79T00975A001200680001-3;2064591_CIA-RDP79T00975A000700240001-7;2066864_CIA-RDP79T00975A003500290001-1;2740733_CIA-RDP79T00975A000300010001-6;2872249_CIA-RDP79T00975A001200350001-9;2977775_CIA-RDP79T00975A005000340001-8;2977776_CIA-RDP79T00975A005000360001-6;2977780_CIA-RDP79T00975A005000500001-0;2977783_CIA-RDP79T00975A005300270001-3;2977794_CIA-RDP79T00975A005300410001-7;2993693_CIA-RDP79T00975A005400280001-1;2993711_CIA-RDP79T00975A005700310001-4;2995584_CIA-RDP79T00975A002200600001-0;3000916_CIA-RDP79T00975A001700380001-1;3001361_CIA-RDP79T00975A001600190001-3;3007384_CIA-RDP79T00975A005600190001-9,247.77358007634032
LEVEL1_COMMUNITY:0,LEVEL1_COMMUNITY:17,META_LINK,3.696771484553583,172,2049792_CIA-RDP79T00975A005700330001-2;2066866_CIA-RDP79T00975A003600120001-8;2696829_CIA-RDP79T00975A000500230001-0;3029875_CIA-RDP79T00975A004600190001-0;3031255_CIA-RDP79T00975A004700500001-4;3172470_CIA-RDP79T00975A003500160001-5;3177770_CIA-RDP79T00975A003600020001-9;3177774_CIA-RDP79T00975A003600070001-4;3177785_CIA-RDP79T00975A003600230001-6;3177797_CIA-RDP79T00975A003600400001-7;3177895_CIA-RDP79T00975A005100150001-8;3184090_CIA-RDP79T00975A003600380001-0;3184158_CIA-RDP79T00975A004900290001-6;3191548_CIA-RDP79T00975A004500290001-0,39.31693018393991
LEVEL1_COMMUNITY:0,LEVEL1_COMMUNITY:18,META_LINK,2.3298196362911723,44,2692608_CIA-RDP79T00975A000600170001-6;2872256_CIA-RDP79T00975A001200460001-7;5973594_CIA-RDP79T00975A000800260001-7;5973618_CIA-RDP79T00975A000800500001-0,9.276087932555587
LEVEL1_COMMUNITY:0,LEVEL1_COMMUNITY:19,META_LINK,2.5164248257189263,55,3003302_CIA-RDP79T00975A004300070001-6;3015193_CIA-RDP79T00975A003500330001-6;3015197_CIA-RDP79T00975A003500390001-0;3015204_CIA-RDP79T00975A003500490001-9;3177795_CIA-RDP79T00975A003600360001-2,11.384241600222001
LEVEL1_COMMUNITY:0,LEVEL1_COMMUNITY:2,META_LINK,8.841642442472011,12651,2000169_CIA-RDP79T00975A005500060001-4;2000170_CIA-RDP79T00975A005500070001-3;2000171_CIA-RDP79T00975A005500080001-2;2000173_CIA-RDP79T00975A005500120001-7;2000175_CIA-RDP79T00975A005500140001-5;2000176_CIA-RDP79T00975A005500160001-3;2000177_CIA-RDP79T00975A005500170001-2;2000180_CIA-RDP79T00975A005500200001-8;2000181_CIA-RDP79T00975A005500210001-7;2000182_CIA-RDP79T00975A005500220001-6;2000183_CIA-RDP79T00975A005500230001-5;2000185_CIA-RDP79T00975A005500250001-3;2000186_CIA-RDP79T00975A005500280001-0;2000188_CIA-RDP79T00975A005500300001-7;2000189_CIA-RDP79T00975A005500310001-6;2000191_CIA-RDP79T00975A005500330001-4;2000195_CIA-RDP79T00975A005500370001-0;2001974_CIA-RDP79T00975A005600280001-9;2001977_CIA-RDP79T00975A005600320001-4;2001979_CIA-RDP79T00975A005600350001-1;2001980_CIA-RDP79T00975A005600360001-0;2001984_CIA-RDP79T00975A005600400001-5;2001986_CIA-RDP79T00975A005600420001-3;2001987_CIA-RDP79T00975A005600430001-2;2001989_CIA-RDP79T00975A005600450001-0;2001991_CIA-RDP79T00975A005600480001-7;2001993_CIA-RDP79T00975A005700040001-4;2003044_CIA-RDP79T00975A000100470001-8;2003046_CIA-RDP79T00975A000100520001-2;2003062_CIA-RDP79T00975A000200250001-1,6915.3430121515175
LEVEL1_COMMUNITY:0,LEVEL1_COMMUNITY:20,META_LINK,2.765948992574197,53,3004219_CIA-RDP79T00975A004300170001-4;3153741_CIA-RDP79T00975A004400500001-7;3172665_CIA-RDP79T00975A005200470001-2,14.894116234140402
LEVEL1_COMMUNITY:0,LEVEL1_COMMUNITY:21,META_LINK,2.167343660986246,33,2001979_CIA-RDP79T00975A005600350001-1;2016343_CIA-RDP79T00975A000600180001-5;3006377_CIA-RDP79T00975A001500400001-0;3172680_CIA-RDP79T00975A005600470001-8;3186013_CIA-RDP79T00975A005600300001-6,7.735049941633744
LEVEL1_COMMUNITY:0,LEVEL1_COMMUNITY:22,META_LINK,1.7911146170008871,28,2039272_CIA-RDP79T00975A002900390001-7;3161848_CIA-RDP79T00975A002400410001-9;3161855_CIA-RDP79T00975A002400520001-7,4.996132133872068
LEVEL1_COMMUNITY:0,LEVEL1_COMMUNITY:25,META_LINK,2.0035968205665675,34,2018009_CIA-RDP79T00975A000900270001-2,6.415681061777596
LEVEL1_COMMUNITY:0,LEVEL1_COMMUNITY:26,META_LINK,3.4128396738545024,89,3164690_CIA-RDP79T00975A004700290001-8;3164695_CIA-RDP79T00975A004700340001-2;3177887_CIA-RDP79T00975A005000350001-7,29.35130982345539
LEVEL1_COMMUNITY:0,LEVEL1_COMMUNITY:27,META_LINK,2.195662503741661,37,3003300_CIA-RDP79T00975A004000220001-2,7.985952312266458
LEVEL1_COMMUNITY:0,LEVEL1_COMMUNITY:28,META_LINK,1.5751383798308412,20,2001991_CIA-RDP79T00975A005600480001-7,3.8314101415722446
LEVEL1_COMMUNITY:0,LEVEL1_COMMUNITY:3,META_LINK,8.383247974521964,9825,2000169_CIA-RDP79T00975A005500060001-4;2000174_CIA-RDP79T00975A005500130001-6;2000176_CIA-RDP79T00975A005500160001-3;2000178_CIA-RDP79T00975A005500180001-1;2000181_CIA-RDP79T00975A005500210001-7;2000182_CIA-RDP79T00975A005500220001-6;2000185_CIA-RDP79T00975A005500250001-3;2000193_CIA-RDP79T00975A005500350001-2;2000195_CIA-RDP79T00975A005500370001-0;2000196_CIA-RDP79T00975A005500380001-9;2001970_CIA-RDP79T00975A005600170001-1;2001973_CIA-RDP79T00975A005600250001-2;2001975_CIA-RDP79T00975A005600290001-8;2001977_CIA-RDP79T00975A005600320001-4;2001978_CIA-RDP79T00975A005600330001-3;2001981_CIA-RDP79T00975A005600370001-9;2001983_CIA-RDP79T00975A005600390001-7;2001984_CIA-RDP79T00975A005600400001-5;2001986_CIA-RDP79T00975A005600420001-3;2001988_CIA-RDP79T00975A005600440001-1;2001990_CIA-RDP79T00975A005600460001-9;2001994_CIA-RDP79T00975A005700050001-3;2001996_CIA-RDP79T00975A000300160001-0;2002000_CIA-RDP79T00975A000300420001-1;2002001_CIA-RDP79T00975A000300510001-1;2003043_CIA-RDP79T00975A000100420001-3;2003048_CIA-RDP79T00975A000100560001-8;2003049_CIA-RDP79T00975A000100580001-6;2003050_CIA-RDP79T00975A000100600001-3;2003051_CIA-RDP79T00975A000200020001-6,4372.1898933787
LEVEL1_COMMUNITY:0,LEVEL1_COMMUNITY:30,META_LINK,1.6445315129232994,24,2733107_CIA-RDP79T00975A000100370001-9,4.178583239238457
LEVEL1_COMMUNITY:0,LEVEL1_COMMUNITY:31,META_LINK,1.7623437226335723,30,3015177_CIA-RDP79T00975A002600350001-4;3160436_CIA-RDP79T00975A003000320001-2;3161848_CIA-RDP79T00975A002400410001-9,4.826076111922381
LEVEL1_COMMUNITY:0,LEVEL1_COMMUNITY:32,META_LINK,1.9720132056786903,34,2872256_CIA-RDP79T00975A001200460001-7;2989050_CIA-RDP79T00975A002200020001-4;3160428_CIA-RDP79T00975A003000220001-3;3161867_CIA-RDP79T00975A002600530001-4,6.18512707609498
LEVEL1_COMMUNITY:0,LEVEL1_COMMUNITY:33,META_LINK,1.7502906578470445,23,2996969_CIA-RDP79T00975A002300050001-0;3177794_CIA-RDP79T00975A003600350001-3,4.756275539533814
LEVEL1_COMMUNITY:0,LEVEL1_COMMUNITY:34,META_LINK,1.8953112342931122,37,2692613_CIA-RDP79T00975A000600280001-4;3006384_CIA-RDP79T00975A001500530001-6;5973625_CIA-RDP79T00975A000800570001-3,5.654619228071901
LEVEL1_COMMUNITY:0,LEVEL1_COMMUNITY:35,META_LINK,1.6046148832905995,25,3193794_CIA-RDP79T00975A002700020001-9,3.975942914927562
LEVEL1_COMMUNITY:0,LEVEL1_COMMUNITY:37,META_LINK,1.6143968160540396,24,3017429_CIA-RDP79T00975A001600610001-6,4.0248560966577775
LEVEL1_COMMUNITY:0,LEVEL1_COMMUNITY:39,META_LINK,2.0816584015574793,30,3009182_CIA-RDP79T00975A001800400001-7;3177792_CIA-RDP79T00975A003600310001-7;3178364_CIA-RDP79T00975A002700240001-5;3179151_CIA-RDP79T00975A002400380001-3,7.017754551426318
LEVEL1_COMMUNITY:0,LEVEL1_COMMUNITY:4,META_LINK,8.043012999751802,7551,2000171_CIA-RDP79T00975A005500080001-2;2000178_CIA-RDP79T00975A005500180001-1;2000184_CIA-RDP79T00975A005500240001-4;2000191_CIA-RDP79T00975A005500330001-4;2000196_CIA-RDP79T00975A005500380001-9;2000197_CIA-RDP79T00975A005500390001-8;2001967_CIA-RDP79T00975A005600090001-0;2001971_CIA-RDP79T00975A005600210001-6;2001973_CIA-RDP79T00975A005600250001-2;2001977_CIA-RDP79T00975A005600320001-4;2001979_CIA-RDP79T00975A005600350001-1;2001982_CIA-RDP79T00975A005600380001-8;2001984_CIA-RDP79T00975A005600400001-5;2001986_CIA-RDP79T00975A005600420001-3;2001988_CIA-RDP79T00975A005600440001-1;2001992_CIA-RDP79T00975A005700030001-5;2001999_CIA-RDP79T00975A000300350001-9;2003043_CIA-RDP79T00975A000100420001-3;2003049_CIA-RDP79T00975A000100580001-6;2003052_CIA-RDP79T00975A000200080001-0;2003053_CIA-RDP79T00975A000200090001-9;2003058_CIA-RDP79T00975A000200170001-0;2003065_CIA-RDP79T00975A000200380001-7;2003068_CIA-RDP79T00975A000200450001-9;2003077_CIA-RDP79T00975A000200570001-6;2003078_CIA-RDP79T00975A000300030001-4;2003079_CIA-RDP79T00975A000300080001-9;2003083_CIA-RDP79T00975A000300150001-1;2008378_CIA-RDP79T00975A000300520001-0;2008382_CIA-RDP79T00975A000400230001-1,3110.9754602761072
LEVEL1_COMMUNITY:0,LEVEL1_COMMUNITY:41,META_LINK,1.7845827049166023,25,3161769_CIA-RDP79T00975A002400340001-7;3185109_CIA-RDP79T00975A002400430001-7,4.9570935629854604
LEVEL1_COMMUNITY:0,LEVEL1_COMMUNITY:42,META_LINK,1.463857665062989,22,3163360_CIA-RDP79T00975A004700240001-3,3.322602558959676
LEVEL1_COMMUNITY:0,LEVEL1_COMMUNITY:43,META_LINK,1.3856956379075218,17,3153734_CIA-RDP79T00975A003300430001-7,2.9976058239464334
LEVEL1_COMMUNITY:0,LEVEL1_COMMUNITY:44,META_LINK,1.5588615096869183,17,3179159_CIA-RDP79T00975A002800090001-1,3.7534064561758362
LEVEL1_COMMUNITY:0,LEVEL1_COMMUNITY:45,META_LINK,1.6233951513721492,24,3172683_CIA-RDP79T00975A005700190001-8,4.070275479692978
LEVEL1_COMMUNITY:0,LEVEL1_COMMUNITY:46,META_LINK,2.0107047489245296,25,2008411_CIA-RDP79T00975A001400270001-6;3003759_CIA-RDP79T00975A001300770001-2;3003782_CIA-RDP79T00975A001400250001-8;3006383_CIA-RDP79T00975A001500520001-7,6.468578966035433
LEVEL1_COMMUNITY:0,LEVEL1_COMMUNITY:48,META_LINK,1.430053028203432,22,3029875_CIA-RDP79T00975A004600190001-0,3.178920786709411
LEVEL1_COMMUNITY:0,LEVEL1_COMMUNITY:5,META_LINK,7.759999382219719,5279,2000175_CIA-RDP79T00975A005500140001-5;2000177_CIA-RDP79T00975A005500170001-2;2000193_CIA-RDP79T00975A005500350001-2;2001979_CIA-RDP79T00975A005600350001-1;2001986_CIA-RDP79T00975A005600420001-3;2001989_CIA-RDP79T00975A005600450001-0;2001996_CIA-RDP79T00975A000300160001-0;2001998_CIA-RDP79T00975A000300300001-4;2003049_CIA-RDP79T00975A000100580001-6;2003052_CIA-RDP79T00975A000200080001-0;2003056_CIA-RDP79T00975A000200130001-4;2003059_CIA-RDP79T00975A000200180001-9;2003060_CIA-RDP79T00975A000200200001-6;2003063_CIA-RDP79T00975A000200290001-7;2003064_CIA-RDP79T00975A000200300001-5;2003067_CIA-RDP79T00975A000200400001-4;2003068_CIA-RDP79T00975A000200450001-9;2003082_CIA-RDP79T00975A000300120001-4;2008380_CIA-RDP79T00975A000400150001-0;2008382_CIA-RDP79T00975A000400230001-1;2008387_CIA-RDP79T00975A000400340001-9;2008395_CIA-RDP79T00975A000500060001-9;2008402_CIA-RDP79T00975A000500150001-9;2008403_CIA-RDP79T00975A000500160001-8;2008404_CIA-RDP79T00975A000500170001-7;2008406_CIA-RDP79T00975A000500190001-5;2008409_CIA-RDP79T00975A000500220001-1;2008410_CIA-RDP79T00975A001000080001-1;2014428_CIA-RDP79T00975A000100480001-7;2014438_CIA-RDP79T00975A000300410001-2,2343.903156640514
LEVEL1_COMMUNITY:0,LEVEL1_COMMUNITY:50,META_LINK,1.8977595627153112,23,2050145_CIA-RDP79T00975A001200200001-5;2899765_CIA-RDP79T00975A001100300001-5,5.670931882686274
LEVEL1_COMMUNITY:0,LEVEL1_COMMUNITY:53,META_LINK,1.8548800146394313,26,3178397_CIA-RDP79T00975A003400060001-7,5.390931386408813
LEVEL1_COMMUNITY:0,LEVEL1_COMMUNITY:54,META_LINK,1.4442687424504164,12,3161871_CIA-RDP79T00975A002800070001-3,3.238751390279306
LEVEL1_COMMUNITY:0,LEVEL1_COMMUNITY:6,META_LINK,7.059865643328191,3022,2000168_CIA-RDP79T00975A005500040001-6;2000171_CIA-RDP79T00975A005500080001-2;2000183_CIA-RDP79T00975A005500230001-5;2000184_CIA-RDP79T00975A005500240001-4;2000186_CIA-RDP79T00975A005500280001-0;2000187_CIA-RDP79T00975A005500290001-9;2000189_CIA-RDP79T00975A005500310001-6;2000192_CIA-RDP79T00975A005500340001-3;2000193_CIA-RDP79T00975A005500350001-2;2000196_CIA-RDP79T00975A005500380001-9;2000197_CIA-RDP79T00975A005500390001-8;2001967_CIA-RDP79T00975A005600090001-0;2001968_CIA-RDP79T00975A005600110001-7;2001970_CIA-RDP79T00975A005600170001-1;2001971_CIA-RDP79T00975A005600210001-6;2001972_CIA-RDP79T00975A005600240001-3;2001974_CIA-RDP79T00975A005600280001-9;2001975_CIA-RDP79T00975A005600290001-8;2001978_CIA-RDP79T00975A005600330001-3;2001979_CIA-RDP79T00975A005600350001-1;2001980_CIA-RDP79T00975A005600360001-0;2001981_CIA-RDP79T00975A005600370001-9;2001982_CIA-RDP79T00975A005600380001-8;2001983_CIA-RDP79T00975A005600390001-7;2001984_CIA-RDP79T00975A005600400001-5;2001986_CIA-RDP79T00975A005600420001-3;2001988_CIA-RDP79T00975A005600440001-1;2001989_CIA-RDP79T00975A005600450001-0;2001990_CIA-RDP79T00975A005600460001-9;2001991_CIA-RDP79T00975A005600480001-7,1163.2887253054735
LEVEL1_COMMUNITY:0,LEVEL1_COMMUNITY:60,META_LINK,1.7341694195136148,18,3029886_CIA-RDP79T00975A004700430001-2,4.664221257845602
LEVEL1_COMMUNITY:0,LEVEL1_COMMUNITY:62,META_LINK,1.3207025702632158,16,2977765_CIA-RDP79T00975A004900240001-1,2.7460523179053222
LEVEL1_COMMUNITY:0,LEVEL1_COMMUNITY:64,META_LINK,1.5767397843727506,24,3000849_CIA-RDP79T00975A001700290001-1;3150415_CIA-RDP79T00975A003000350001-9,3.8391533820922628
LEVEL1_COMMUNITY:0,LEVEL1_COMMUNITY:65,META_LINK,1.3191600180160006,16,2058867_CIA-RDP79T00975A001500500001-9;3006392_CIA-RDP79T00975A001500610001-7,2.740278290998168
LEVEL1_COMMUNITY:0,LEVEL1_COMMUNITY:66,META_LINK,2.173135817319757,35,2020912_CIA-RDP79T00975A001500180001-5;3017439_CIA-RDP79T00975A001900100001-9,7.7857915262109305
LEVEL1_COMMUNITY:0,LEVEL1_COMMUNITY:67,META_LINK,1.4719078032247055,15,3163332_CIA-RDP79T00975A004500030001-8,3.3575405459098304
LEVEL1_COMMUNITY:0,LEVEL1_COMMUNITY:69,META_LINK,1.4442687424504164,12,2051068_CIA-RDP79T00975A000700500001-8,3.238751390279306
LEVEL1_COMMUNITY:0,LEVEL1_COMMUNITY:7,META_LINK,6.721519219258713,2492,2000174_CIA-RDP79T00975A005500130001-6;2000181_CIA-RDP79T00975A005500210001-7;2000183_CIA-RDP79T00975A005500230001-5;2000194_CIA-RDP79T00975A005500360001-1;2001977_CIA-RDP79T00975A005600320001-4;2001996_CIA-RDP79T00975A000300160001-0;2003044_CIA-RDP79T00975A000100470001-8;2003048_CIA-RDP79T00975A000100560001-8;2003050_CIA-RDP79T00975A000100600001-3;2003053_CIA-RDP79T00975A000200090001-9;2003054_CIA-RDP79T00975A000200100001-7;2003056_CIA-RDP79T00975A000200130001-4;2003062_CIA-RDP79T00975A000200250001-1;2003064_CIA-RDP79T00975A000200300001-5;2003065_CIA-RDP79T00975A000200380001-7;2003072_CIA-RDP79T00975A000200500001-3;2003074_CIA-RDP79T00975A000200530001-0;2003076_CIA-RDP79T00975A000200550001-8;2008384_CIA-RDP79T00975A000400260001-8;2008390_CIA-RDP79T00975A000400590001-2;2008394_CIA-RDP79T00975A000500040001-1;2008398_CIA-RDP79T00975A000500100001-4;2008407_CIA-RDP79T00975A000500200001-3;2008408_CIA-RDP79T00975A000500210001-2;2014432_CIA-RDP79T00975A000300660001-5;2018013_CIA-RDP79T00975A000900360001-2;2018022_CIA-RDP79T00975A001600130001-9;2020562_CIA-RDP79T00975A000700020001-1;2020563_CIA-RDP79T00975A000700040001-9;2020581_CIA-RDP79T00975A001200180001-8,829.0776239580783
LEVEL1_COMMUNITY:0,LEVEL1_COMMUNITY:76,META_LINK,1.5727258206703796,25,260604_CIA-RDP79T00975A003900030001-5;3029877_CIA-RDP79T00975A004600230001-5,3.819768127947361
LEVEL1_COMMUNITY:0,LEVEL1_COMMUNITY:78,META_LINK,1.6388768144795642,17,3007367_CIA-RDP79T00975A004800490001-5,4.1493825510070526
LEVEL1_COMMUNITY:0,LEVEL1_COMMUNITY:8,META_LINK,6.312364973458684,1976,2000181_CIA-RDP79T00975A005500210001-7;2000182_CIA-RDP79T00975A005500220001-6;2000185_CIA-RDP79T00975A005500250001-3;2000188_CIA-RDP79T00975A005500300001-7;2000196_CIA-RDP79T00975A005500380001-9;2001974_CIA-RDP79T00975A005600280001-9;2001976_CIA-RDP79T00975A005600310001-5;2001982_CIA-RDP79T00975A005600380001-8;2001983_CIA-RDP79T00975A005600390001-7;2001984_CIA-RDP79T00975A005600400001-5;2001992_CIA-RDP79T00975A005700030001-5;2001998_CIA-RDP79T00975A000300300001-4;2003067_CIA-RDP79T00975A000200400001-4;2003082_CIA-RDP79T00975A000300120001-4;2020573_CIA-RDP79T00975A000900650001-0;2020581_CIA-RDP79T00975A001200180001-8;2020582_CIA-RDP79T00975A001200220001-3;2026614_CIA-RDP79T00975A005600020001-7;2026617_CIA-RDP79T00975A005600070001-2;2026916_CIA-RDP79T00975A001000280001-9;2026918_CIA-RDP79T00975A001000550001-9;2026943_CIA-RDP79T00975A001500470001-3;2027252_CIA-RDP79T00975A001800110001-9;2027257_CIA-RDP79T00975A002200320001-1;2046527_CIA-RDP79T00975A000500300001-2;2049781_CIA-RDP79T00975A005700100001-7;2049784_CIA-RDP79T00975A005700130001-4;2049786_CIA-RDP79T00975A005700160001-1;2049789_CIA-RDP79T00975A005700220001-4;2049801_CIA-RDP79T00975A005700420001-2,550.3473299584563
LEVEL1_COMMUNITY:0,LEVEL1_COMMUNITY:81,META_LINK,1.787332984952657,20,2740747_CIA-RDP79T00975A000300280001-7,4.973499789001143
LEVEL1_COMMUNITY:0,LEVEL1_COMMUNITY:84,META_LINK,1.308523717981157,10,2001990_CIA-RDP79T00975A005600460001-9;2989920_CIA-RDP79T00975A004700050001-4,2.7007063912469293
LEVEL1_COMMUNITY:0,LEVEL1_COMMUNITY:9,META_LINK,7.1527091974262484,2890,2000179_CIA-RDP79T00975A005500190001-0;2000180_CIA-RDP79T00975A005500200001-8;2000181_CIA-RDP79T00975A005500210001-7;2000186_CIA-RDP79T00975A005500280001-0;2000188_CIA-RDP79T00975A005500300001-7;2001985_CIA-RDP79T00975A005600410001-4;2001997_CIA-RDP79T00975A000300250001-0;2002000_CIA-RDP79T00975A000300420001-1;2003050_CIA-RDP79T00975A000100600001-3;2003059_CIA-RDP79T00975A000200180001-9;2003062_CIA-RDP79T00975A000200250001-1;2003068_CIA-RDP79T00975A000200450001-9;2008406_CIA-RDP79T00975A000500190001-5;2008408_CIA-RDP79T00975A000500210001-2;2008410_CIA-RDP79T00975A001000080001-1;2014429_CIA-RDP79T00975A000100500001-4;2014437_CIA-RDP79T00975A000300370001-7;2016346_CIA-RDP79T00975A000600440001-6;2020566_CIA-RDP79T00975A000900160001-4;2020911_CIA-RDP79T00975A001400380001-4;2026918_CIA-RDP79T00975A001000550001-9;2038287_CIA-RDP79T00975A004600250001-3;2046524_CIA-RDP79T00975A000500270001-6;2046525_CIA-RDP79T00975A000500280001-5;2046538_CIA-RDP79T00975A000500440001-7;2049784_CIA-RDP79T00975A005700130001-4;2049787_CIA-RDP79T00975A005700180001-9;2049792_CIA-RDP79T00975A005700330001-2;2049793_CIA-RDP79T00975A005700340001-1;2049796_CIA-RDP79T00975A005700370001-8,1276.5624397834372
LEVEL1_COMMUNITY:0,LEVEL1_COMMUNITY:90,META_LINK,1.7795658209157883,15,3193807_CIA-RDP79T00975A002700160001-4,4.9272823578039295
LEVEL1_COMMUNITY:0,LEVEL1_COMMUNITY:93,META_LINK,1.3168677939257563,15,3015167_CIA-RDP79T00975A002600210001-9;3019093_CIA-RDP79T00975A002300100001-4,2.7317145537474357
LEVEL1_COMMUNITY:1,LEVEL1_COMMUNITY:10,META_LINK,3.276656761756206,79,2000198_CIA-RDP79T00975A005500400001-6;2020903_CIA-RDP79T00975A001200390001-5;2049792_CIA-RDP79T00975A005700330001-2;2049795_CIA-RDP79T00975A005700360001-9;2730352_CIA-RDP79T00975A000400280001-5;2977775_CIA-RDP79T00975A005000340001-8;2977783_CIA-RDP79T00975A005300270001-3;2977787_CIA-RDP79T00975A005300330001-6;2985838_CIA-RDP79T00975A004500140001-6;3003308_CIA-RDP79T00975A004400330001-6;3003774_CIA-RDP79T00975A001400170001-7;3015177_CIA-RDP79T00975A002600350001-4;3031261_CIA-RDP79T00975A004900100001-6;3153738_CIA-RDP79T00975A004400470001-1;3160429_CIA-RDP79T00975A003000230001-2;3161759_CIA-RDP79T00975A003000520001-0;3161987_CIA-RDP79T00975A002900400001-5;3163337_CIA-RDP79T00975A004500190001-1;3172225_CIA-RDP79T00975A004900300001-4;3172230_CIA-RDP79T00975A004900360001-8;3172661_CIA-RDP79T00975A005200430001-6;3174709_CIA-RDP79T00975A005400230001-6;3177799_CIA-RDP79T00975A003600420001-5;3178393_CIA-RDP79T00975A003300470001-3;3185134_CIA-RDP79T00975A005200060001-7;3189341_CIA-RDP79T00975A005100450001-5;3189345_CIA-RDP79T00975A005100500001-9;3190724_CIA-RDP79T00975A004600060001-4,25.487071916769693
LEVEL1_COMMUNITY:1,LEVEL1_COMMUNITY:11,META_LINK,3.920080365373788,155,2000179_CIA-RDP79T00975A005500190001-0;2000184_CIA-RDP79T00975A005500240001-4;2003050_CIA-RDP79T00975A000100600001-3;2003071_CIA-RDP79T00975A000200490001-5;2008390_CIA-RDP79T00975A000400590001-2;2018011_CIA-RDP79T00975A000900340001-4;2020557_CIA-RDP79T00975A000400300001-3;2064612_CIA-RDP79T00975A000900540001-2;2066864_CIA-RDP79T00975A003500290001-1;2692623_CIA-RDP79T00975A000600520001-7;2733119_CIA-RDP79T00975A000200050001-3;2739319_CIA-RDP79T00975A000400550001-6;2740741_CIA-RDP79T00975A000300170001-9;2869425_CIA-RDP79T00975A001300230001-1;2887896_CIA-RDP79T00975A001200030001-4;2977772_CIA-RDP79T00975A005000310001-1;2977802_CIA-RDP79T00975A005400010001-0;2985838_CIA-RDP79T00975A004500140001-6;2989473_CIA-RDP79T00975A002300540001-5;2995612_CIA-RDP79T00975A002500310001-9;3000908_CIA-RDP79T00975A001700300001-9;3003298_CIA-RDP79T00975A003100350001-8;3007363_CIA-RDP79T00975A004800430001-1;3009173_CIA-RDP79T00975A001800300001-8;3009178_CIA-RDP79T00975A001800360001-2;3015166_CIA-RDP79T00975A002600200001-0;3015195_CIA-RDP79T00975A003500360001-3;3015200_CIA-RDP79T00975A003500430001-5;3015204_CIA-RDP79T00975A003500490001-9;3150405_CIA-RDP79T00975A003400050001-8,49.404495391411515
LEVEL1_COMMUNITY:1,LEVEL1_COMMUNITY:12,META_LINK,3.8037831928061623,152,2000179_CIA-RDP79T00975A005500190001-0;2001968_CIA-RDP79T00975A005600110001-7;2001979_CIA-RDP79T00975A005600350001-1;2001981_CIA-RDP79T00975A005600370001-9;2001987_CIA-RDP79T00975A005600430001-2;2001995_CIA-RDP79T00975A005700060001-2;2001998_CIA-RDP79T00975A000300300001-4;2003071_CIA-RDP79T00975A000200490001-5;2003072_CIA-RDP79T00975A000200500001-3;2014438_CIA-RDP79T00975A000300410001-2;2018012_CIA-RDP79T00975A000900350001-3;2020561_CIA-RDP79T00975A000700010001-2;2020584_CIA-RDP79T00975A001200260001-9;2046541_CIA-RDP79T00975A000500480001-3;2049790_CIA-RDP79T00975A005700230001-3;2058873_CIA-RDP79T00975A005400150001-5;2064607_CIA-RDP79T00975A000900280001-1;2066861_CIA-RDP79T00975A003400380001-2;2066873_CIA-RDP79T00975A005400430001-4;2684301_CIA-RDP79T00975A000700130001-8;2685622_CIA-RDP79T00975A000700460001-3;2692611_CIA-RDP79T00975A000600260001-6;2692621_CIA-RDP79T00975A000600450001-5;2733128_CIA-RDP79T00975A000200270001-9;2733137_CIA-RDP79T00975A000200440001-0;2739459_CIA-RDP79T00975A000300500001-2;2740735_CIA-RDP79T00975A000300050001-2;2872270_CIA-RDP79T00975A001200610001-0;2893558_CIA-RDP79T00975A001100240001-2;2899762_CIA-RDP79T00975A001100270001-9,43.87061799061152
LEVEL1_COMMUNITY:1,LEVEL1_COMMUNITY:13,META_LINK,4.0846561839983995,173,2000189_CIA-RDP79T00975A005500310001-6;2046532_CIA-RDP79T00975A000500360001-6;2049783_CIA-RDP79T00975A005700120001-5;2066861_CIA-RDP79T00975A003400380001-2;2066864_CIA-RDP79T00975A003500290001-1;2066865_CIA-RDP79T00975A003500470001-1;2692608_CIA-RDP79T00975A000600170001-6;2692622_CIA-RDP79T00975A000600480001-2;2733133_CIA-RDP79T00975A000200350001-0;2739451_CIA-RDP79T00975A000300310001-3;2740733_CIA-RDP79T00975A000300010001-6;2745277_CIA-RDP79T00975A000300650001-6;2977784_CIA-RDP79T00975A005300280001-2;2977791_CIA-RDP79T00975A005300380001-1;2985835_CIA-RDP79T00975A003700360001-1;2988538_CIA-RDP79T00975A003400460001-3;2989047_CIA-RDP79T00975A001800660001-9;2989742_CIA-RDP79T00975A005500490001-7;2995589_CIA-RDP79T00975A002500050001-8;2995609_CIA-RDP79T00975A002500280001-3;3000938_CIA-RDP79T00975A001700640001-2;3001360_CIA-RDP79T00975A001600180001-4;3002529_CIA-RDP79T00975A001600030001-0;3003283_CIA-RDP79T00975A001900280001-0;3003295_CIA-RDP79T00975A003100020001-4;3006396_CIA-RDP79T00975A001700020001-0;3015170_CIA-RDP79T00975A002600270001-3;3015177_CIA-RDP79T00975A002600350001-4;3015183_CIA-RDP79T00975A002800150001-4;3031313_CIA-RDP79T00975A004800050001-3,58.4215041747754
LEVEL1_COMMUNITY:1,LEVEL1_COMMUNITY:14,META_LINK,3.6971477880276336,143,2003082_CIA-RDP79T00975A000300120001-4;2008392_CIA-RDP79T00975A000500020001-3;2014429_CIA-RDP79T00975A000100500001-4;2016345_CIA-RDP79T00975A000600360001-5;2016348_CIA-RDP79T00975A000700200001-1;2018009_CIA-RDP79T00975A000900270001-2;2020583_CIA-RDP79T00975A001200240001-1;2020904_CIA-RDP79T00975A001300330001-0;2026953_CIA-RDP79T00975A001700120001-9;2046548_CIA-RDP79T00975A000500600001-9;2050130_CIA-RDP79T00975A001000540001-0;2059477_CIA-RDP79T00975A001200640001-7;2064601_CIA-RDP79T00975A000700430001-6;2623665_CIA-RDP79T00975A000500410001-0;2623671_CIA-RDP79T00975A000600140001-9;2623672_CIA-RDP79T00975A000600150001-8;2692621_CIA-RDP79T00975A000600450001-5;2692628_CIA-RDP79T00975A000600570001-2;2692631_CIA-RDP79T00975A000600600001-8;2693978_CIA-RDP79T00975A000900330001-5;2739302_CIA-RDP79T00975A000400360001-7;2739318_CIA-RDP79T00975A000400540001-7;2745282_CIA-RDP79T00975A000300710001-9;2870932_CIA-RDP79T00975A001500260001-6;2887895_CIA-RDP79T00975A001200020001-5;2929520_CIA-RDP79T00975A001100580001-5;2929526_CIA-RDP79T00975A001100640001-8;2977772_CIA-RDP79T00975A005000310001-1;2980788_CIA-RDP79T00975A001400680001-1;2993964_CIA-RDP79T00975A001400310001-1,39.332104439714705
LEVEL1_COMMUNITY:1,LEVEL1_COMMUNITY:15,META_LINK,3.1601388349722237,70,2003073_CIA-RDP79T00975A000200510001-2;2014431_CIA-RDP79T00975A000300560001-6;2014435_CIA-RDP79T00975A000300340001-0;2046535_CIA-RDP79T00975A000500400001-1;2046544_CIA-RDP79T00975A000500510001-9;2049783_CIA-RDP79T00975A005700120001-5;2051072_CIA-RDP79T00975A000900080001-3;2064588_CIA-RDP79T00975A000700060001-7;2745271_CIA-RDP79T00975A000300590001-3;2872240_CIA-RDP79T00975A001200690001-2;2872257_CIA-RDP79T00975A001200470001-6;2872258_CIA-RDP79T00975A001200480001-5;2977783_CIA-RDP79T00975A005300270001-3;2993995_CIA-RDP79T00975A001500060001-8;3000844_CIA-RDP79T00975A001700240001-6;3002331_CIA-RDP79T00975A002200400001-2;3003312_CIA-RDP79T00975A004400380001-1;3015195_CIA-RDP79T00975A003500360001-3;3017641_CIA-RDP79T00975A001800050001-6;3017653_CIA-RDP79T00975A001800180001-2;3153702_CIA-RDP79T00975A003100470001-5;3153739_CIA-RDP79T00975A004400480001-0;3156602_CIA-RDP79T00975A003600010001-0;3172662_CIA-RDP79T00975A005200440001-5;3172679_CIA-RDP79T00975A005500480001-8;3177770_CIA-RDP79T00975A003600020001-9;3177774_CIA-RDP79T00975A003600070001-4;3177798_CIA-RDP79T00975A003600410001-6;3185119_CIA-RDP79T00975A002600390001-0;3448323_CIA-RDP79T00975A002100170001-8,22.573868579273125
LEVEL1_COMMUNITY:1,LEVEL1_COMMUNITY:16,META_LINK,2.185950818696628,24,2000188_CIA-RDP79T00975A005500300001-7;2064591_CIA-RDP79T00975A000700240001-7;2066864_CIA-RDP79T00975A003500290001-1;2872249_CIA-RDP79T00975A001200350001-9;2977783_CIA-RDP79T00975A005300270001-3;2993711_CIA-RDP79T00975A005700310001-4;3031340_CIA-RDP79T00975A005700210001-5;3156604_CIA-RDP79T00975A005700280001-8;3172684_CIA-RDP79T00975A005700240001-2;3183785_CIA-RDP79T00975A002700520001-4;3189337_CIA-RDP79T00975A005100400001-0;3191547_CIA-RDP79T00975A004500280001-1,7.899105968338037
LEVEL1_COMMUNITY:1,LEVEL1_COMMUNITY:2,META_LINK,5.377947549903958,718,2003046_CIA-RDP79T00975A000100520001-2;2003063_CIA-RDP79T00975A000200290001-7;2003069_CIA-RDP79T00975A000200460001-8;2003070_CIA-RDP79T00975A000200470001-7;2003075_CIA-RDP79T00975A000200540001-9;2008413_CIA-RDP79T00975A001700390001-0;2014433_CIA-RDP79T00975A000300270001-8;2014439_CIA-RDP79T00975A000300470001-6;2016346_CIA-RDP79T00975A000600440001-6;2018015_CIA-RDP79T00975A000900430001-4;2020557_CIA-RDP79T00975A000400300001-3;2020564_CIA-RDP79T00975A000700110001-1;2020567_CIA-RDP79T00975A000900170001-3;2020570_CIA-RDP79T00975A000900400001-7;2020906_CIA-RDP79T00975A001300400001-2;2026913_CIA-RDP79T00975A001000240001-3;2026929_CIA-RDP79T00975A001200450001-8;2026939_CIA-RDP79T00975A001500410001-9;2026940_CIA-RDP79T00975A001500420001-8;2026943_CIA-RDP79T00975A001500470001-3;2026944_CIA-RDP79T00975A001600060001-7;2026945_CIA-RDP79T00975A001600330001-7;2026946_CIA-RDP79T00975A001600340001-6;2026950_CIA-RDP79T00975A001600540001-4;2027255_CIA-RDP79T00975A001800600001-5;2046524_CIA-RDP79T00975A000500270001-6;2046527_CIA-RDP79T00975A000500300001-2;2046530_CIA-RDP79T00975A000500340001-8;2046532_CIA-RDP79T00975A000500360001-6;2046533_CIA-RDP79T00975A000500370001-5,215.57730483108242
LEVEL1_COMMUNITY:1,LEVEL1_COMMUNITY:3,META_LINK,5.60196772895211,814,2001978_CIA-RDP79T00975A005600330001-3;2001979_CIA-RDP79T00975A005600350001-1;2001994_CIA-RDP79T00975A005700050001-3;2002000_CIA-RDP79T00975A000300420001-1;2003043_CIA-RDP79T00975A000100420001-3;2003051_CIA-RDP79T00975A000200020001-6;2003052_CIA-RDP79T00975A000200080001-0;2003061_CIA-RDP79T00975A000200240001-2;2003062_CIA-RDP79T00975A000200250001-1;2003063_CIA-RDP79T00975A000200290001-7;2003067_CIA-RDP79T00975A000200400001-4;2003068_CIA-RDP79T00975A000200450001-9;2003080_CIA-RDP79T00975A000300090001-8;2008401_CIA-RDP79T00975A000500140001-0;2008405_CIA-RDP79T00975A000500180001-6;2008408_CIA-RDP79T00975A000500210001-2;2014431_CIA-RDP79T00975A000300560001-6;2014433_CIA-RDP79T00975A000300270001-8;2014439_CIA-RDP79T00975A000300470001-6;2018000_CIA-RDP79T00975A000700540001-4;2018004_CIA-RDP79T00975A000900060001-5;2018006_CIA-RDP79T00975A000900110001-9;2018014_CIA-RDP79T00975A000900370001-1;2018018_CIA-RDP79T00975A000900570001-9;2020557_CIA-RDP79T00975A000400300001-3;2020560_CIA-RDP79T00975A000600670001-1;2020561_CIA-RDP79T00975A000700010001-2;2020562_CIA-RDP79T00975A000700020001-1;2020574_CIA-RDP79T00975A001000300001-6;2020577_CIA-RDP79T00975A001000390001-7,269.9590571807657
LEVEL1_COMMUNITY:1,LEVEL1_COMMUNITY:4,META_LINK,4.765152517719783,385,2000184_CIA-RDP79T00975A005500240001-4;2001967_CIA-RDP79T00975A005600090001-0;2003049_CIA-RDP79T00975A000100580001-6;2003053_CIA-RDP79T00975A000200090001-9;2014430_CIA-RDP79T00975A000300490001-4;2014438_CIA-RDP79T00975A000300410001-2;2018012_CIA-RDP79T00975A000900350001-3;2018015_CIA-RDP79T00975A000900430001-4;2020558_CIA-RDP79T00975A000600010001-3;2020563_CIA-RDP79T00975A000700040001-9;2020571_CIA-RDP79T00975A000900480001-9;2020580_CIA-RDP79T00975A001100670001-5;2020903_CIA-RDP79T00975A001200390001-5;2022702_CIA-RDP79T00975A001700660001-0;2022704_CIA-RDP79T00975A002200040001-2;2026917_CIA-RDP79T00975A001000290001-8;2026926_CIA-RDP79T00975A001100070001-1;2026929_CIA-RDP79T00975A001200450001-8;2026949_CIA-RDP79T00975A001600500001-8;2026950_CIA-RDP79T00975A001600540001-4;2026952_CIA-RDP79T00975A001700010001-1;2039272_CIA-RDP79T00975A002900390001-7;2046536_CIA-RDP79T00975A000500420001-9;2049780_CIA-RDP79T00975A005700090001-9;2049782_CIA-RDP79T00975A005700110001-6;2049791_CIA-RDP79T00975A005700320001-3;2050133_CIA-RDP79T00975A001000590001-5;2051071_CIA-RDP79T00975A000900030001-8;2058872_CIA-RDP79T00975A004600020001-8;2064894_CIA-RDP79T00975A001000180001-0,116.34901372700435
LEVEL1_COMMUNITY:1,LEVEL1_COMMUNITY:5,META_LINK,5.1425363938246225,542,2003052_CIA-RDP79T00975A000200080001-0;2003059_CIA-RDP79T00975A000200180001-9;2003060_CIA-RDP79T00975A000200200001-6;2003063_CIA-RDP79T00975A000200290001-7;2003067_CIA-RDP79T00975A000200400001-4;2003082_CIA-RDP79T00975A000300120001-4;2008380_CIA-RDP79T00975A000400150001-0;2008403_CIA-RDP79T00975A000500160001-8;2008404_CIA-RDP79T00975A000500170001-7;2008406_CIA-RDP79T00975A000500190001-5;2008410_CIA-RDP79T00975A001000080001-1;2014428_CIA-RDP79T00975A000100480001-7;2016346_CIA-RDP79T00975A000600440001-6;2016348_CIA-RDP79T00975A000700200001-1;2018003_CIA-RDP79T00975A000900050001-6;2018007_CIA-RDP79T00975A000900200001-9;2018008_CIA-RDP79T00975A000900250001-4;2018009_CIA-RDP79T00975A000900270001-2;2018012_CIA-RDP79T00975A000900350001-3;2018017_CIA-RDP79T00975A000900550001-1;2020557_CIA-RDP79T00975A000400300001-3;2020560_CIA-RDP79T00975A000600670001-1;2020566_CIA-RDP79T00975A000900160001-4;2020570_CIA-RDP79T00975A000900400001-7;2020572_CIA-RDP79T00975A000900630001-2;2020580_CIA-RDP79T00975A001100670001-5;2020584_CIA-RDP79T00975A001200260001-9;2020910_CIA-RDP79T00975A001400120001-2;2026917_CIA-RDP79T00975A001000290001-8;2026920_CIA-RDP79T00975A001000700001-2,170.14932033875797
LEVEL1_COMMUNITY:1,LEVEL1_COMMUNITY:6,META_LINK,4.390081702959993,246,2000189_CIA-RDP79T00975A005500310001-6;2001968_CIA-RDP79T00975A005600110001-7;2001970_CIA-RDP79T00975A005600170001-1;2001974_CIA-RDP79T00975A005600280001-9;2001978_CIA-RDP79T00975A005600330001-3;2001981_CIA-RDP79T00975A005600370001-9;2001982_CIA-RDP79T00975A005600380001-8;2001990_CIA-RDP79T00975A005600460001-9;2001996_CIA-RDP79T00975A000300160001-0;2003046_CIA-RDP79T00975A000100520001-2;2003071_CIA-RDP79T00975A000200490001-5;2003073_CIA-RDP79T00975A000200510001-2;2003075_CIA-RDP79T00975A000200540001-9;2014428_CIA-RDP79T00975A000100480001-7;2018019_CIA-RDP79T00975A000900580001-8;2020557_CIA-RDP79T00975A000400300001-3;2046524_CIA-RDP79T00975A000500270001-6;2046526_CIA-RDP79T00975A000500290001-4;2046542_CIA-RDP79T00975A000500490001-2;2046568_CIA-RDP79T00975A000600500001-9;2049789_CIA-RDP79T00975A005700220001-4;2049793_CIA-RDP79T00975A005700340001-1;2049801_CIA-RDP79T00975A005700420001-2;2050119_CIA-RDP79T00975A001000380001-8;2050127_CIA-RDP79T00975A001000480001-7;2050141_CIA-RDP79T00975A001000670001-6;2064593_CIA-RDP79T00975A000700260001-5;2064597_CIA-RDP79T00975A000700330001-7;2064888_CIA-RDP79T00975A001000100001-8;2623657_CIA-RDP79T00975A000300200001-5,79.64700781056256
LEVEL1_COMMUNITY:1,LEVEL1_COMMUNITY:7,META_LINK,4.159097559949266,211,2001977_CIA-RDP79T00975A005600320001-4;2003044_CIA-RDP79T00975A000100470001-8;2003050_CIA-RDP79T00975A000100600001-3;2003053_CIA-RDP79T00975A000200090001-9;2003054_CIA-RDP79T00975A000200100001-7;2003056_CIA-RDP79T00975A000200130001-4;2003062_CIA-RDP79T00975A000200250001-1;2003065_CIA-RDP79T00975A000200380001-7;2003072_CIA-RDP79T00975A000200500001-3;2003076_CIA-RDP79T00975A000200550001-8;2008394_CIA-RDP79T00975A000500040001-1;2008407_CIA-RDP79T00975A000500200001-3;2008408_CIA-RDP79T00975A000500210001-2;2018013_CIA-RDP79T00975A000900360001-2;2020562_CIA-RDP79T00975A000700020001-1;2020563_CIA-RDP79T00975A000700040001-9;2020585_CIA-RDP79T00975A001200290001-6;2026912_CIA-RDP79T00975A001000220001-5;2046526_CIA-RDP79T00975A000500290001-4;2046534_CIA-RDP79T00975A000500380001-4;2046569_CIA-RDP79T00975A000600510001-8;2046572_CIA-RDP79T00975A000700230001-8;2050105_CIA-RDP79T00975A000900560001-0;2050118_CIA-RDP79T00975A001000370001-9;2682857_CIA-RDP79T00975A000100210001-6;2684305_CIA-RDP79T00975A000700190001-3;2730352_CIA-RDP79T00975A000400280001-5;2733111_CIA-RDP79T00975A000100460001-9;2745272_CIA-RDP79T00975A000300600001-1;2745277_CIA-RDP79T00975A000300650001-6,63.01372797384586
LEVEL1_COMMUNITY:1,LEVEL1_COMMUNITY:8,META_LINK,3.479038267814683,106,2001974_CIA-RDP79T00975A005600280001-9;2003082_CIA-RDP79T00975A000300120001-4;2020573_CIA-RDP79T00975A000900650001-0;2020581_CIA-RDP79T00975A001200180001-8;2020582_CIA-RDP79T00975A001200220001-3;2026614_CIA-RDP79T00975A005600020001-7;2026943_CIA-RDP79T00975A001500470001-3;2027252_CIA-RDP79T00975A001800110001-9;2049801_CIA-RDP79T00975A005700420001-2;2050145_CIA-RDP79T00975A001200200001-5;2064589_CIA-RDP79T00975A000700070001-6;2682857_CIA-RDP79T00975A000100210001-6;2692609_CIA-RDP79T00975A000600220001-0;2692632_CIA-RDP79T00975A000600610001-7;2692633_CIA-RDP79T00975A000600630001-5;2733140_CIA-RDP79T00975A000200580001-5;2869407_CIA-RDP79T00975A001300040001-2;2870939_CIA-RDP79T00975A001500330001-8;2872234_CIA-RDP79T00975A001200170001-9;2872244_CIA-RDP79T00975A001200270001-8;2893556_CIA-RDP79T00975A001100220001-4;2929528_CIA-RDP79T00975A001100660001-6;2970155_CIA-RDP79T00975A001300300001-3;2988536_CIA-RDP79T00975A003400350001-5;2989931_CIA-RDP79T00975A004800160001-1;2995584_CIA-RDP79T00975A002200600001-0;2995604_CIA-RDP79T00975A002500230001-8;2996965_CIA-RDP79T00975A002300010001-4;3001381_CIA-RDP79T00975A001600410001-8;3002343_CIA-RDP79T00975A002200520001-9,31.428519523071643
LEVEL1_COMMUNITY:1,LEVEL1_COMMUNITY:9,META_LINK,3.9237067833377335,172,2000179_CIA-RDP79T00975A005500190001-0;2000180_CIA-RDP79T00975A005500200001-8;2001985_CIA-RDP79T00975A005600410001-4;2001997_CIA-RDP79T00975A000300250001-0;2003062_CIA-RDP79T00975A000200250001-1;2008406_CIA-RDP79T00975A000500190001-5;2016346_CIA-RDP79T00975A000600440001-6;2020911_CIA-RDP79T00975A001400380001-4;2026918_CIA-RDP79T00975A001000550001-9;2046524_CIA-RDP79T00975A000500270001-6;2049792_CIA-RDP79T00975A005700330001-2;2049801_CIA-RDP79T00975A005700420001-2;2058873_CIA-RDP79T00975A005400150001-5;2064593_CIA-RDP79T00975A000700260001-5;2064610_CIA-RDP79T00975A000900520001-4;2064886_CIA-RDP79T00975A001000060001-3;2692615_CIA-RDP79T00975A000600310001-0;2692624_CIA-RDP79T00975A000600530001-6;2692627_CIA-RDP79T00975A000600560001-3;2692632_CIA-RDP79T00975A000600610001-7;2696830_CIA-RDP79T00975A000500240001-9;2733126_CIA-RDP79T00975A000200220001-4;2901106_CIA-RDP79T00975A001100360001-9;2901118_CIA-RDP79T00975A001100490001-5;2977763_CIA-RDP79T00975A004900210001-4;2977765_CIA-RDP79T00975A004900240001-1;2977783_CIA-RDP79T00975A005300270001-3;2977788_CIA-RDP79T00975A005300340001-5;2977794_CIA-RDP79T00975A005300410001-7;2985834_CIA-RDP79T00975A003700210001-7,49.58761499238542
LEVEL1_COMMUNITY:10,LEVEL1_COMMUNITY:12,META_LINK,1.8139133757780044,21,2000193_CIA-RDP79T00975A005500350001-2;3003308_CIA-RDP79T00975A004400330001-6;3174709_CIA-RDP79T00975A005400230001-6;3179249_CIA-RDP79T00975A005100160001-7;3189342_CIA-RDP79T00975A005100460001-4;3191616_CIA-RDP79T00975A004900030002-3,5.1344067595531655
LEVEL1_COMMUNITY:10,LEVEL1_COMMUNITY:2,META_LINK,2.8250036555832705,34,2000195_CIA-RDP79T00975A005500370001-0;2008416_CIA-RDP79T00975A004000320001-1;2049782_CIA-RDP79T00975A005700110001-6;2049792_CIA-RDP79T00975A005700330001-2;2049800_CIA-RDP79T00975A005700410001-3;2977776_CIA-RDP79T00975A005000360001-6;3000837_CIA-RDP79T00975A001700170001-4;3007370_CIA-RDP79T00975A004900020001-5;3020470_CIA-RDP79T00975A002300360001-6;3160577_CIA-RDP79T00975A002900130001-5;3163337_CIA-RDP79T00975A004500190001-1;3172230_CIA-RDP79T00975A004900360001-8;3172674_CIA-RDP79T00975A005400210001-8;3172686_CIA-RDP79T00975A005700260001-0;3176569_CIA-RDP79T00975A000600250001-7;3177772_CIA-RDP79T00975A003600050001-6;3191556_CIA-RDP79T00975A004500400001-7;3194447_CIA-RDP79T00975A003700310001-6,15.861006622790105
LEVEL1_COMMUNITY:10,LEVEL1_COMMUNITY:3,META_LINK,2.6294489514076425,30,2000193_CIA-RDP79T00975A005500350001-2;2000195_CIA-RDP79T00975A005500370001-0;2001973_CIA-RDP79T00975A005600250001-2;2739300_CIA-RDP79T00975A000400320001-1;2893560_CIA-RDP79T00975A001100260001-0;2977774_CIA-RDP79T00975A005000330001-9;3000837_CIA-RDP79T00975A001700170001-4;3003774_CIA-RDP79T00975A001400170001-7;3031266_CIA-RDP79T00975A004900150001-1;3164698_CIA-RDP79T00975A004700370001-9;3179249_CIA-RDP79T00975A005100160001-7;3189342_CIA-RDP79T00975A005100460001-4;3448344_CIA-RDP79T00975A002100400001-2,12.86612688678447
LEVEL1_COMMUNITY:10,LEVEL1_COMMUNITY:4,META_LINK,2.2990959505977138,26,2001973_CIA-RDP79T00975A005600250001-2;2020903_CIA-RDP79T00975A001200390001-5;2066863_CIA-RDP79T00975A003400450001-4;2893560_CIA-RDP79T00975A001100260001-0;2977774_CIA-RDP79T00975A005000330001-9;3003301_CIA-RDP79T00975A004000290001-5;3003311_CIA-RDP79T00975A004400370001-2;3153738_CIA-RDP79T00975A004400470001-1;3163340_CIA-RDP79T00975A004500300001-8;3177763_CIA-RDP79T00975A003400180001-4;3189342_CIA-RDP79T00975A005100460001-4;3190726_CIA-RDP79T00975A004600150001-4,8.965169375876336
LEVEL1_COMMUNITY:10,LEVEL1_COMMUNITY:5,META_LINK,1.4560723971196217,7,2730352_CIA-RDP79T00975A000400280001-5;2893557_CIA-RDP79T00975A001100230001-3;2893560_CIA-RDP79T00975A001100260001-0;3150406_CIA-RDP79T00975A002900500001-4;5973613_CIA-RDP79T00975A000800450001-6,3.2890805978648205
LEVEL1_COMMUNITY:10,LEVEL1_COMMUNITY:6,META_LINK,1.9387608634285278,10,2000193_CIA-RDP79T00975A005500350001-2;2000196_CIA-RDP79T00975A005500380001-9;2001988_CIA-RDP79T00975A005600440001-1;2049783_CIA-RDP79T00975A005700120001-5;3164698_CIA-RDP79T00975A004700370001-9;3172677_CIA-RDP79T00975A005500410001-5,5.950133468051745
LEVEL1_COMMUNITY:10,LEVEL1_COMMUNITY:9,META_LINK,1.5973272623513082,9,2049796_CIA-RDP79T00975A005700370001-8;2977764_CIA-RDP79T00975A004900230001-2;2989915_CIA-RDP79T00975A004600490001-7;3003301_CIA-RDP79T00975A004000290001-5;3163340_CIA-RDP79T00975A004500300001-8;3185134_CIA-RDP79T00975A005200060001-7,3.939811943467867
LEVEL1_COMMUNITY:11,LEVEL1_COMMUNITY:2,META_LINK,2.918575231454288,43,2000173_CIA-RDP79T00975A005500120001-7;2000188_CIA-RDP79T00975A005500300001-7;2001987_CIA-RDP79T00975A005600430001-2;2020557_CIA-RDP79T00975A000400300001-3;2049792_CIA-RDP79T00975A005700330001-2;2066864_CIA-RDP79T00975A003500290001-1;2995612_CIA-RDP79T00975A002500310001-9;3015193_CIA-RDP79T00975A003500330001-6;3153738_CIA-RDP79T00975A004400470001-1;3160448_CIA-RDP79T00975A003100080001-8;3172429_CIA-RDP79T00975A004400270001-3;3178383_CIA-RDP79T00975A002800100001-9;3183782_CIA-RDP79T00975A002700400001-7;3185130_CIA-RDP79T00975A002600580001-9,17.514889226728876
LEVEL1_COMMUNITY:11,LEVEL1_COMMUNITY:3,META_LINK,1.6248497460520985,13,2869425_CIA-RDP79T00975A001300230001-1;2887896_CIA-RDP79T00975A001200030001-4;3000941_CIA-RDP79T00975A001700680001-8;3160447_CIA-RDP79T00975A003100070001-9;3161871_CIA-RDP79T00975A002800070001-3;3163330_CIA-RDP79T00975A004400410001-7,4.077656041993602
LEVEL1_COMMUNITY:11,LEVEL1_COMMUNITY:4,META_LINK,2.374652770240561,26,2000184_CIA-RDP79T00975A005500240001-4;2008416_CIA-RDP79T00975A004000320001-1;2869425_CIA-RDP79T00975A001300230001-1;3150412_CIA-RDP79T00975A003000170001-9;3160451_CIA-RDP79T00975A003100160001-9;3161859_CIA-RDP79T00975A002500420001-7;3163330_CIA-RDP79T00975A004400410001-7;3169424_CIA-RDP79T00975A003100310001-2;3172429_CIA-RDP79T00975A004400270001-3;3177769_CIA-RDP79T00975A003400330001-7;3190614_CIA-RDP79T00975A003300380001-3;3193802_CIA-RDP79T00975A002700100001-0,9.747280762395814
LEVEL1_COMMUNITY:11,LEVEL1_COMMUNITY:5,META_LINK,2.1453406469533363,21,2001998_CIA-RDP79T00975A000300300001-4;2020557_CIA-RDP79T00975A000400300001-3;2050145_CIA-RDP79T00975A001200200001-5;2693977_CIA-RDP79T00975A000900320001-6;2739319_CIA-RDP79T00975A000400550001-6;2995603_CIA-RDP79T00975A002500220001-9;3003783_CIA-RDP79T00975A001400260001-7;3172684_CIA-RDP79T00975A005700240001-2;3178386_CIA-RDP79T00975A002900020001-7;3179140_CIA-RDP79T00975A002400180001-5,7.5449515532838465
LEVEL1_COMMUNITY:11,LEVEL1_COMMUNITY:6,META_LINK,2.1837592010322724,18,2008390_CIA-RDP79T00975A000400590001-2;3031255_CIA-RDP79T00975A004700500001-4;3161852_CIA-RDP79T00975A002400480001-2;3161859_CIA-RDP79T00975A002500420001-7;3161981_CIA-RDP79T00975A002900320001-4,7.879623886935734
LEVEL1_COMMUNITY:11,LEVEL1_COMMUNITY:7,META_LINK,2.097532715443163,16,2008390_CIA-RDP79T00975A000400590001-2;2739319_CIA-RDP79T00975A000400550001-6;3162001_CIA-RDP79T00975A003000060001-1;3162002_CIA-RDP79T00975A003000070001-0;3163330_CIA-RDP79T00975A004400410001-7;3178392_CIA-RDP79T00975A003300420001-8;3179252_CIA-RDP79T00975A005100190001-4,7.146046482975833
LEVEL1_COMMUNITY:11,LEVEL1_COMMUNITY:8,META_LINK,1.5221196071508851,14,2063769_CIA-RDP79T00975A002800230001-5;2872245_CIA-RDP79T00975A001200280001-7;3007383_CIA-RDP79T00975A005600180001-0;3015170_CIA-RDP79T00975A002600270001-3;3031255_CIA-RDP79T00975A004700500001-4;3153717_CIA-RDP79T00975A003300130001-0;3178377_CIA-RDP79T00975A002700430001-4,3.581926794518721
LEVEL1_COMMUNITY:12,LEVEL1_COMMUNITY:13,META_LINK,1.8199459011129604,14,2977786_CIA-RDP79T00975A005300320001-7;3015199_CIA-RDP79T00975A003500420001-6;3177791_CIA-RDP79T00975A003600300001-8;3189346_CIA-RDP79T00975A005100510001-8;5973639_CIA-RDP79S00427A000100010002-6,5.171524568241842
LEVEL1_COMMUNITY:12,LEVEL1_COMMUNITY:2,META_LINK,3.3247141702481513,80,2000188_CIA-RDP79T00975A005500300001-7;2001986_CIA-RDP79T00975A005600420001-3;2020911_CIA-RDP79T00975A001400380001-4;2026616_CIA-RDP79T00975A005600040001-5;2049778_CIA-RDP79T00975A005700070001-1;2049794_CIA-RDP79T00975A005700350001-0;2050144_CIA-RDP79T00975A001200190001-7;2058873_CIA-RDP79T00975A005400150001-5;2066866_CIA-RDP79T00975A003600120001-8;2745268_CIA-RDP79T00975A000300550001-7;2977803_CIA-RDP79T00975A005400020001-9;2985834_CIA-RDP79T00975A003700210001-7;2989925_CIA-RDP79T00975A004700100001-8;2993695_CIA-RDP79T00975A005400310001-7;3003275_CIA-RDP79T00975A001900150001-4;3003312_CIA-RDP79T00975A004400380001-1;3006381_CIA-RDP79T00975A001500490001-1;3007358_CIA-RDP79T00975A004800360001-9;3007372_CIA-RDP79T00975A004900190001-7;3007377_CIA-RDP79T00975A005600010001-8;3015188_CIA-RDP79T00975A003400390001-1;3015199_CIA-RDP79T00975A003500420001-6;3015202_CIA-RDP79T00975A003500460001-2;3019101_CIA-RDP79T00975A002300180001-6;3172470_CIA-RDP79T00975A003500160001-5;3172679_CIA-RDP79T00975A005500480001-8;3177892_CIA-RDP79T00975A005000480001-3;3185130_CIA-RDP79T00975A002600580001-9;3185140_CIA-RDP79T00975A005200150001-7;3189347_CIA-RDP79T00975A005100520001-7,26.791053997248085
LEVEL1_COMMUNITY:12,LEVEL1_COMMUNITY:3,META_LINK,2.527119986256361,28,2000193_CIA-RDP79T00975A005500350001-2;2001979_CIA-RDP79T00975A005600350001-1;2018006_CIA-RDP79T00975A000900110001-9;2020584_CIA-RDP79T00975A001200260001-9;2693999_CIA-RDP79T00975A000700080001-5;2899764_CIA-RDP79T00975A001100290001-7;2993707_CIA-RDP79T00975A005400510001-5;2993965_CIA-RDP79T00975A001400320001-0;3003751_CIA-RDP79T00975A001300690001-1;3003765_CIA-RDP79T00975A001400050001-0;3017425_CIA-RDP79T00975A001600530001-5;3172667_CIA-RDP79T00975A005400110001-9;3177893_CIA-RDP79T00975A005000490001-2;3179249_CIA-RDP79T00975A005100160001-7;3189342_CIA-RDP79T00975A005100460001-4,11.517403878917133
LEVEL1_COMMUNITY:12,LEVEL1_COMMUNITY:4,META_LINK,2.493875807933754,33,2001971_CIA-RDP79T00975A005600210001-6;2977771_CIA-RDP79T00975A005000300001-2;2977790_CIA-RDP79T00975A005300360001-3;2977807_CIA-RDP79T00975A005400070001-4;2993707_CIA-RDP79T00975A005400510001-5;2993710_CIA-RDP79T00975A005700010001-7;3015188_CIA-RDP79T00975A003400390001-1;3015202_CIA-RDP79T00975A003500460001-2;3017425_CIA-RDP79T00975A001600530001-5;3163328_CIA-RDP79T00975A004400390001-0;3172470_CIA-RDP79T00975A003500160001-5;3172685_CIA-RDP79T00975A005700250001-1;3177780_CIA-RDP79T00975A003600160001-4;3190723_CIA-RDP79T00975A004600050001-5;3191542_CIA-RDP79T00975A004500230001-6,11.10811401883985
LEVEL1_COMMUNITY:12,LEVEL1_COMMUNITY:5,META_LINK,1.6127653889897418,11,2001989_CIA-RDP79T00975A005600450001-0;2020572_CIA-RDP79T00975A000900630001-2;2064607_CIA-RDP79T00975A000900280001-1;2900528_CIA-RDP79T00975A001000510001-3;3019101_CIA-RDP79T00975A002300180001-6;3172476_CIA-RDP79T00975A004400220001-8,4.01666509375613
LEVEL1_COMMUNITY:12,LEVEL1_COMMUNITY:6,META_LINK,1.80683267565787,14,2001986_CIA-RDP79T00975A005600420001-3;2008407_CIA-RDP79T00975A000500200001-3;2064597_CIA-RDP79T00975A000700330001-7;2685622_CIA-RDP79T00975A000700460001-3;3003305_CIA-RDP79T00975A004400140001-7;3007355_CIA-RDP79T00975A004800310001-4;3161852_CIA-RDP79T00975A002400480001-2,5.091124280835152
LEVEL1_COMMUNITY:12,LEVEL1_COMMUNITY:7,META_LINK,1.791102886101779,15,2050144_CIA-RDP79T00975A001200190001-7;3161974_CIA-RDP79T00975A002900210001-6;3184093_CIA-RDP79T00975A005600080001-1,4.996061794263541
LEVEL1_COMMUNITY:12,LEVEL1_COMMUNITY:8,META_LINK,1.8649649033762183,17,2872245_CIA-RDP79T00975A001200280001-7;2893480_CIA-RDP79T00975A001000530001-1;2977779_CIA-RDP79T00975A005000460001-5;2989927_CIA-RDP79T00975A004700120001-6;3002347_CIA-RDP79T00975A002200560001-5;3003765_CIA-RDP79T00975A001400050001-0;3162007_CIA-RDP79T00975A003000120001-4,5.455709308414352
LEVEL1_COMMUNITY:12,LEVEL1_COMMUNITY:9,META_LINK,2.2635494542097723,18,2000188_CIA-RDP79T00975A005500300001-7;2049801_CIA-RDP79T00975A005700420001-2;2058873_CIA-RDP79T00975A005400150001-5;2989918_CIA-RDP79T00975A004700010001-8;2989925_CIA-RDP79T00975A004700100001-8;3007384_CIA-RDP79T00975A005600190001-9;3161776_CIA-RDP79T00975A002900050001-4;3161778_CIA-RDP79T00975A002900070001-2,8.617164341310824
LEVEL1_COMMUNITY:13,LEVEL1_COMMUNITY:2,META_LINK,3.577206354821756,83,2046532_CIA-RDP79T00975A000500360001-6;2049783_CIA-RDP79T00975A005700120001-5;2066865_CIA-RDP79T00975A003500470001-1;2988541_CIA-RDP79T00975A004600090001-1;2989044_CIA-RDP79T00975A001800630001-2;3000927_CIA-RDP79T00975A001700510001-6;3000938_CIA-RDP79T00975A001700640001-2;3003276_CIA-RDP79T00975A001900180001-1;3003753_CIA-RDP79T00975A001300710001-8;3015170_CIA-RDP79T00975A002600270001-3;3015171_CIA-RDP79T00975A002600280001-2;3015191_CIA-RDP79T00975A003500300001-9;3019101_CIA-RDP79T00975A002300180001-6;3153701_CIA-RDP79T00975A003100460001-6;3153727_CIA-RDP79T00975A003300290001-3;3156602_CIA-RDP79T00975A003600010001-0;3163337_CIA-RDP79T00975A004500190001-1;3172473_CIA-RDP79T00975A003900270001-9;3177787_CIA-RDP79T00975A003600250001-4;3178375_CIA-RDP79T00975A002700390001-9;3178396_CIA-RDP79T00975A003400030001-0;3179249_CIA-RDP79T00975A005100160001-7;3191554_CIA-RDP79T00975A004500370001-1;3191557_CIA-RDP79T00975A004500410001-6,34.773462759070696
LEVEL1_COMMUNITY:13,LEVEL1_COMMUNITY:3,META_LINK,1.7106167823554956,15,2740733_CIA-RDP79T00975A000300010001-6;2901119_CIA-RDP79T00975A001100500001-3;3001360_CIA-RDP79T00975A001600180001-4;3002529_CIA-RDP79T00975A001600030001-0;3003276_CIA-RDP79T00975A001900180001-1;5973620_CIA-RDP79T00975A000800520001-8,4.532372695388941
LEVEL1_COMMUNITY:13,LEVEL1_COMMUNITY:4,META_LINK,2.6190795819229744,36,2733133_CIA-RDP79T00975A000200350001-0;2989047_CIA-RDP79T00975A001800660001-9;3001357_CIA-RDP79T00975A001600150001-7;3161991_CIA-RDP79T00975A002900460001-9;3161999_CIA-RDP79T00975A003000020001-5;3163348_CIA-RDP79T00975A004600290001-9;3177758_CIA-RDP79T00975A003400070001-6;3177781_CIA-RDP79T00975A003600170001-3;3177796_CIA-RDP79T00975A003600390001-9;3178400_CIA-RDP79T00975A003400150001-7;3179252_CIA-RDP79T00975A005100190001-4;5973576_CIA-RDP79T00975A000800090001-6,12.723086793247134
LEVEL1_COMMUNITY:13,LEVEL1_COMMUNITY:6,META_LINK,1.7737795227501238,8,2000189_CIA-RDP79T00975A005500310001-6;3003753_CIA-RDP79T00975A001300710001-8;3006396_CIA-RDP79T00975A001700020001-0;3189346_CIA-RDP79T00975A005100510001-8,4.893084370062348
LEVEL1_COMMUNITY:13,LEVEL1_COMMUNITY:9,META_LINK,1.2513121705017647,7,2977765_CIA-RDP79T00975A004900240001-1;3000927_CIA-RDP79T00975A001700510001-6;3172670_CIA-RDP79T00975A005400170001-3;3178375_CIA-RDP79T00975A002700390001-9;3190727_CIA-RDP79T00975A004600160001-3,2.494925888667664
LEVEL1_COMMUNITY:14,LEVEL1_COMMUNITY:2,META_LINK,2.139344572159589,21,2020578_CIA-RDP79T00975A001000460001-9;2027254_CIA-RDP79T00975A001800500001-6;2623665_CIA-RDP79T00975A000500410001-0;2739455_CIA-RDP79T00975A000300400001-3;2869411_CIA-RDP79T00975A001300080001-8;2887897_CIA-RDP79T00975A001200040001-2;3007356_CIA-RDP79T00975A004800320001-3;3015189_CIA-RDP79T00975A003400490001-0;3017659_CIA-RDP79T00975A001800230001-6;3031256_CIA-RDP79T00975A004700510001-3;3164696_CIA-RDP79T00975A004700350001-1;3172224_CIA-RDP79T00975A004900170001-9,7.493868686055761
LEVEL1_COMMUNITY:14,LEVEL1_COMMUNITY:3,META_LINK,2.2332950075908657,24,2003050_CIA-RDP79T00975A000100600001-3;2050130_CIA-RDP79T00975A001000540001-0;2692631_CIA-RDP79T00975A000600600001-8;2899762_CIA-RDP79T00975A001100270001-9;2929526_CIA-RDP79T00975A001100640001-8;2977791_CIA-RDP79T00975A005300380001-1;3000844_CIA-RDP79T00975A001700240001-6;3009178_CIA-RDP79T00975A001800360001-2;3176570_CIA-RDP79T00975A000600320001-9,8.330559748976217
LEVEL1_COMMUNITY:14,LEVEL1_COMMUNITY:5,META_LINK,2.1610206051067657,23,2020902_CIA-RDP79T00975A001200370001-7;2046568_CIA-RDP79T00975A000600500001-9;2049781_CIA-RDP79T00975A005700100001-7;2050116_CIA-RDP79T00975A001000350001-1;2623665_CIA-RDP79T00975A000500410001-0;2623672_CIA-RDP79T00975A000600150001-8;2869416_CIA-RDP79T00975A001300130001-2;2980780_CIA-RDP79T00975A001400600001-9,7.6799919834552215
LEVEL1_COMMUNITY:14,LEVEL1_COMMUNITY:9,META_LINK,1.3675732309043849,12,2008408_CIA-RDP79T00975A000500210001-2;2692631_CIA-RDP79T00975A000600600001-8;3164696_CIA-RDP79T00975A004700350001-1;3176572_CIA-RDP79T00975A000600400001-0,2.9258120867040196
LEVEL1_COMMUNITY:15,LEVEL1_COMMUNITY:2,META_LINK,1.8681768221204003,14,2049778_CIA-RDP79T00975A005700070001-1;2049783_CIA-RDP79T00975A005700120001-5;2058870_CIA-RDP79T00975A003400370001-3;2731969_CIA-RDP79T00975A005600230001-4;2745271_CIA-RDP79T00975A000300590001-3;3153696_CIA-RDP79T00975A003100370001-6;3153739_CIA-RDP79T00975A004400480001-0;3177798_CIA-RDP79T00975A003600410001-6,5.476477857740717
LEVEL1_COMMUNITY:15,LEVEL1_COMMUNITY:3,META_LINK,1.4538040577020372,11,2026945_CIA-RDP79T00975A001600330001-7;2027253_CIA-RDP79T00975A001800340001-4;2046544_CIA-RDP79T00975A000500510001-9;2980789_CIA-RDP79T00975A001400690001-0;3000844_CIA-RDP79T00975A001700240001-6;3000962_CIA-RDP79T00975A002200240001-0;3007381_CIA-RDP79T00975A005600150001-3,3.2793625333807674
LEVEL1_COMMUNITY:15,LEVEL1_COMMUNITY:4,META_LINK,1.5961313799567576,14,3007349_CIA-RDP79T00975A004800230001-3;3007362_CIA-RDP79T00975A004800410001-3;3191557_CIA-RDP79T00975A004500410001-6;3192443_CIA-RDP79T00975A002700270001-2;5973576_CIA-RDP79T00975A000800090001-6,3.9339080402228728
LEVEL1_COMMUNITY:15,LEVEL1_COMMUNITY:5,META_LINK,2.1079659490268345,20,2046535_CIA-RDP79T00975A000500400001-1;2051072_CIA-RDP79T00975A000900080001-3;2993998_CIA-RDP79T00975A001500100001-3;3002331_CIA-RDP79T00975A002200400001-2;3017653_CIA-RDP79T00975A001800180001-2;3153702_CIA-RDP79T00975A003100470001-5;3177770_CIA-RDP79T00975A003600020001-9;3177796_CIA-RDP79T00975A003600390001-9,7.231480992837292
LEVEL1_COMMUNITY:15,LEVEL1_COMMUNITY:6,META_LINK,1.960816233261176,13,2001970_CIA-RDP79T00975A005600170001-1;2003073_CIA-RDP79T00975A000200510001-2;2731969_CIA-RDP79T00975A005600230001-4;2993702_CIA-RDP79T00975A005400420001-5;3007381_CIA-RDP79T00975A005600150001-3,6.105124137599001
LEVEL1_COMMUNITY:16,LEVEL1_COMMUNITY:2,META_LINK,1.6782532673249178,7,2001991_CIA-RDP79T00975A005600480001-7;2049787_CIA-RDP79T00975A005700180001-9;2066864_CIA-RDP79T00975A003500290001-1;2993711_CIA-RDP79T00975A005700310001-4,4.356191959780381
LEVEL1_COMMUNITY:2,LEVEL1_COMMUNITY:3,META_LINK,3.863690481162481,142,2000195_CIA-RDP79T00975A005500370001-0;2003062_CIA-RDP79T00975A000200250001-1;2014439_CIA-RDP79T00975A000300470001-6;2026915_CIA-RDP79T00975A001000270001-0;2026943_CIA-RDP79T00975A001500470001-3;2026946_CIA-RDP79T00975A001600340001-6;2046536_CIA-RDP79T00975A000500420001-9;2046542_CIA-RDP79T00975A000500490001-2;2049778_CIA-RDP79T00975A005700070001-1;2049795_CIA-RDP79T00975A005700360001-9;2058867_CIA-RDP79T00975A001500500001-9;2063773_CIA-RDP79T00975A003100120001-3;2692634_CIA-RDP79T00975A000900090001-2;2733112_CIA-RDP79T00975A000100490001-6;2739312_CIA-RDP79T00975A000400470001-5;2740740_CIA-RDP79T00975A000300140001-2;2872245_CIA-RDP79T00975A001200280001-7;2929518_CIA-RDP79T00975A001100560001-7;2977785_CIA-RDP79T00975A005300310001-8;2993696_CIA-RDP79T00975A005400330001-5;2993996_CIA-RDP79T00975A001500070001-7;2995609_CIA-RDP79T00975A002500280001-3;3001365_CIA-RDP79T00975A001600230001-8;3001367_CIA-RDP79T00975A001600250001-6;3001370_CIA-RDP79T00975A001600280001-3;3001371_CIA-RDP79T00975A001600290001-2;3001380_CIA-RDP79T00975A001600400001-9;3004639_CIA-RDP79T00975A005300100001-1;3006386_CIA-RDP79T00975A001500550001-4;3006390_CIA-RDP79T00975A001500590001-0,46.64084498270876
LEVEL1_COMMUNITY:2,LEVEL1_COMMUNITY:4,META_LINK,4.118125035687585,168,2000171_CIA-RDP79T00975A005500080001-2;2001977_CIA-RDP79T00975A005600320001-4;2008416_CIA-RDP79T00975A004000320001-1;2016343_CIA-RDP79T00975A000600180001-5;2020914_CIA-RDP79T00975A001600600001-7;2022704_CIA-RDP79T00975A002200040001-2;2046533_CIA-RDP79T00975A000500370001-5;2049798_CIA-RDP79T00975A005700390001-6;2739300_CIA-RDP79T00975A000400320001-1;2745280_CIA-RDP79T00975A000300690001-2;2893547_CIA-RDP79T00975A001100130001-4;2977803_CIA-RDP79T00975A005400020001-9;2977804_CIA-RDP79T00975A005400030001-8;2989913_CIA-RDP79T00975A004600240001-4;2989919_CIA-RDP79T00975A004700040001-5;3000834_CIA-RDP79T00975A001700140001-7;3001357_CIA-RDP79T00975A001600150001-7;3001369_CIA-RDP79T00975A001600270001-4;3001370_CIA-RDP79T00975A001600280001-3;3002534_CIA-RDP79T00975A001600090001-4;3003275_CIA-RDP79T00975A001900150001-4;3003306_CIA-RDP79T00975A004400250001-5;3003307_CIA-RDP79T00975A004400320001-7;3007372_CIA-RDP79T00975A004900190001-7;3015175_CIA-RDP79T00975A002600320001-7;3015200_CIA-RDP79T00975A003500430001-5;3015202_CIA-RDP79T00975A003500460001-2;3015204_CIA-RDP79T00975A003500490001-9;3017659_CIA-RDP79T00975A001800230001-6;3150415_CIA-RDP79T00975A003000350001-9,60.443929019974355
LEVEL1_COMMUNITY:2,LEVEL1_COMMUNITY:5,META_LINK,3.565268910146936,94,2000177_CIA-RDP79T00975A005500170001-2;2003063_CIA-RDP79T00975A000200290001-7;2003068_CIA-RDP79T00975A000200450001-9;2008410_CIA-RDP79T00975A001000080001-1;2046527_CIA-RDP79T00975A000500300001-2;2064581_CIA-RDP79T00975A000600420001-8;2064590_CIA-RDP79T00975A000700170001-5;2064607_CIA-RDP79T00975A000900280001-1;2064889_CIA-RDP79T00975A001000110001-7;2064890_CIA-RDP79T00975A001000120001-6;2692611_CIA-RDP79T00975A000600260001-6;2692634_CIA-RDP79T00975A000900090001-2;2696828_CIA-RDP79T00975A000500120001-2;2698155_CIA-RDP79T00975A000500560001-4;2739316_CIA-RDP79T00975A000400510001-0;2869428_CIA-RDP79T00975A001300260001-8;2893544_CIA-RDP79T00975A001100100001-7;2980782_CIA-RDP79T00975A001400630002-5;3000843_CIA-RDP79T00975A001700230001-7;3000942_CIA-RDP79T00975A001700690001-7;3001362_CIA-RDP79T00975A001600200001-1;3001379_CIA-RDP79T00975A001600390001-1;3002530_CIA-RDP79T00975A001600040001-9;3010825_CIA-RDP79T00975A001800550001-1;3015199_CIA-RDP79T00975A003500420001-6;3017437_CIA-RDP79T00975A001900060001-4;3017638_CIA-RDP79T00975A001800020001-9;3017646_CIA-RDP79T00975A001800100001-0;3029881_CIA-RDP79T00975A004700140001-4;3149176_CIA-RDP79T00975A002400250001-7,34.348957819746886
LEVEL1_COMMUNITY:2,LEVEL1_COMMUNITY:6,META_LINK,3.6640996779270596,94,2000183_CIA-RDP79T00975A005500230001-5;2001980_CIA-RDP79T00975A005600360001-0;2001986_CIA-RDP79T00975A005600420001-3;2003068_CIA-RDP79T00975A000200450001-9;2003071_CIA-RDP79T00975A000200490001-5;2003075_CIA-RDP79T00975A000200540001-9;2014439_CIA-RDP79T00975A000300470001-6;2046531_CIA-RDP79T00975A000500350001-7;2046533_CIA-RDP79T00975A000500370001-5;2046542_CIA-RDP79T00975A000500490001-2;2049793_CIA-RDP79T00975A005700340001-1;2050141_CIA-RDP79T00975A001000670001-6;2063772_CIA-RDP79T00975A003100110001-4;2731969_CIA-RDP79T00975A005600230001-4;2733136_CIA-RDP79T00975A000200420001-2;2739455_CIA-RDP79T00975A000300400001-3;2993988_CIA-RDP79T00975A001400590001-1;3000933_CIA-RDP79T00975A001700570001-0;3003007_CIA-RDP79T00975A003500010001-1;3003767_CIA-RDP79T00975A001400070001-8;3015202_CIA-RDP79T00975A003500460001-2;3161871_CIA-RDP79T00975A002800070001-3;3162000_CIA-RDP79T00975A003000040001-3;3166572_CIA-RDP79T00975A005500050001-5;3172660_CIA-RDP79T00975A005200420001-7;3176556_CIA-RDP79T00975A000200190001-8;3178375_CIA-RDP79T00975A002700390001-9,38.0209888859368
LEVEL1_COMMUNITY:2,LEVEL1_COMMUNITY:7,META_LINK,2.3391496860483274,23,2008384_CIA-RDP79T00975A000400260001-8;2008407_CIA-RDP79T00975A000500200001-3;2064889_CIA-RDP79T00975A001000110001-7;3007371_CIA-RDP79T00975A004900180001-8;3153738_CIA-RDP79T00975A004400470001-1;3172666_CIA-RDP79T00975A005200500001-8;3177796_CIA-RDP79T00975A003600390001-9;3179255_CIA-RDP79T00975A005100230001-9;3185151_CIA-RDP79T00975A005200380001-2,9.372413004375971
LEVEL1_COMMUNITY:2,LEVEL1_COMMUNITY:8,META_LINK,2.2565322771506278,26,2000175_CIA-RDP79T00975A005500140001-5;2063772_CIA-RDP79T00975A003100110001-4;2066863_CIA-RDP79T00975A003400450001-4;2872245_CIA-RDP79T00975A001200280001-7;2988536_CIA-RDP79T00975A003400350001-5;3015194_CIA-RDP79T00975A003500350001-4;3169423_CIA-RDP79T00975A003100290001-5;3177783_CIA-RDP79T00975A003600200001-9,8.549915221760095
LEVEL1_COMMUNITY:2,LEVEL1_COMMUNITY:9,META_LINK,3.770991483556535,109,2016346_CIA-RDP79T00975A000600440001-6;2020911_CIA-RDP79T00975A001400380001-4;2038287_CIA-RDP79T00975A004600250001-3;2046524_CIA-RDP79T00975A000500270001-6;2049793_CIA-RDP79T00975A005700340001-1;2050136_CIA-RDP79T00975A001000620001-1;2064593_CIA-RDP79T00975A000700260001-5;2692624_CIA-RDP79T00975A000600530001-6;2733126_CIA-RDP79T00975A000200220001-4;2901106_CIA-RDP79T00975A001100360001-9;2977763_CIA-RDP79T00975A004900210001-4;2977794_CIA-RDP79T00975A005300410001-7;2977799_CIA-RDP79T00975A005300460001-2;2988543_CIA-RDP79T00975A004600110001-8;2989925_CIA-RDP79T00975A004700100001-8;2993694_CIA-RDP79T00975A005400300001-8;3000927_CIA-RDP79T00975A001700510001-6;3001356_CIA-RDP79T00975A001600140001-8;3003307_CIA-RDP79T00975A004400320001-7;3003754_CIA-RDP79T00975A001300720001-7;3007371_CIA-RDP79T00975A004900180001-8;3007375_CIA-RDP79T00975A005500110001-8;3010825_CIA-RDP79T00975A001800550001-1;3031264_CIA-RDP79T00975A004900130001-3;3153737_CIA-RDP79T00975A004400440001-4;3163340_CIA-RDP79T00975A004500300001-8;3163341_CIA-RDP79T00975A004500380001-0;3163347_CIA-RDP79T00975A004600280001-0;3164696_CIA-RDP79T00975A004700350001-1;3172230_CIA-RDP79T00975A004900360001-8,42.4230967860281
LEVEL1_COMMUNITY:3,LEVEL1_COMMUNITY:4,META_LINK,4.002156357315277,141,2003049_CIA-RDP79T00975A000100580001-6;2003052_CIA-RDP79T00975A000200080001-0;2003077_CIA-RDP79T00975A000200570001-6;2058866_CIA-RDP79T00975A001500210001-1;2063773_CIA-RDP79T00975A003100120001-3;2064591_CIA-RDP79T00975A000700240001-7;2064602_CIA-RDP79T00975A000700480001-1;2064607_CIA-RDP79T00975A000900280001-1;2623662_CIA-RDP79T00975A000400250001-9;2682866_CIA-RDP79T00975A000100330001-3;2692631_CIA-RDP79T00975A000600600001-8;2693994_CIA-RDP79T00975A000900470001-0;2730347_CIA-RDP79T00975A000400180001-7;2872237_CIA-RDP79T00975A001200650001-6;2970162_CIA-RDP79T00975A001300390001-4;2977769_CIA-RDP79T00975A005000250001-8;2989041_CIA-RDP79T00975A001800580001-8;2993994_CIA-RDP79T00975A001500050001-9;2995588_CIA-RDP79T00975A002500030001-0;3000840_CIA-RDP79T00975A001700200001-0;3000911_CIA-RDP79T00975A001700330001-6;3000932_CIA-RDP79T00975A001700560001-1;3000942_CIA-RDP79T00975A001700690001-7;3001355_CIA-RDP79T00975A001600120001-0;3001370_CIA-RDP79T00975A001600280001-3;3003286_CIA-RDP79T00975A001900480001-8;3007357_CIA-RDP79T00975A004800350001-0;3007388_CIA-RDP79T00975A005700270001-9;3015204_CIA-RDP79T00975A003500490001-9;3017645_CIA-RDP79T00975A001800090001-2,53.71601018199631
LEVEL1_COMMUNITY:3,LEVEL1_COMMUNITY:5,META_LINK,4.180560479504601,175,2003067_CIA-RDP79T00975A000200400001-4;2018020_CIA-RDP79T00975A000900590001-7;2020557_CIA-RDP79T00975A000400300001-3;2020560_CIA-RDP79T00975A000600670001-1;2020584_CIA-RDP79T00975A001200260001-9;2026935_CIA-RDP79T00975A001500150001-8;2026951_CIA-RDP79T00975A001600560001-2;2027253_CIA-RDP79T00975A001800340001-4;2046565_CIA-RDP79T00975A000600230001-9;2050110_CIA-RDP79T00975A001000030001-6;2064589_CIA-RDP79T00975A000700070001-6;2064606_CIA-RDP79T00975A000900140001-6;2064607_CIA-RDP79T00975A000900280001-1;2682859_CIA-RDP79T00975A000100230001-4;2685624_CIA-RDP79T00975A000700570001-1;2692619_CIA-RDP79T00975A000600390001-2;2692634_CIA-RDP79T00975A000900090001-2;2693994_CIA-RDP79T00975A000900470001-0;2696830_CIA-RDP79T00975A000500240001-9;2698155_CIA-RDP79T00975A000500560001-4;2733108_CIA-RDP79T00975A000100390001-7;2739308_CIA-RDP79T00975A000400430001-9;2739310_CIA-RDP79T00975A000400450001-7;2739324_CIA-RDP79T00975A000400620001-8;2872225_CIA-RDP79T00975A001200080001-9;2872255_CIA-RDP79T00975A001200440001-9;2893555_CIA-RDP79T00975A001100210001-5;2893560_CIA-RDP79T00975A001100260001-0;2900515_CIA-RDP79T00975A001000230001-4;2970162_CIA-RDP79T00975A001300390001-4,64.40249970388103
LEVEL1_COMMUNITY:3,LEVEL1_COMMUNITY:6,META_LINK,2.6601915421586178,37,2001970_CIA-RDP79T00975A005600170001-1;2001978_CIA-RDP79T00975A005600330001-3;2001984_CIA-RDP79T00975A005600400001-5;2008407_CIA-RDP79T00975A000500200001-3;2014439_CIA-RDP79T00975A000300470001-6;2046524_CIA-RDP79T00975A000500270001-6;2049791_CIA-RDP79T00975A005700320001-3;2050127_CIA-RDP79T00975A001000480001-7;2064597_CIA-RDP79T00975A000700330001-7;2994003_CIA-RDP79T00975A001500160001-7;3000941_CIA-RDP79T00975A001700680001-8;3007387_CIA-RDP79T00975A005600260001-1;3164698_CIA-RDP79T00975A004700370001-9;5973600_CIA-RDP79T00975A000800320001-0,13.299027703022505
LEVEL1_COMMUNITY:3,LEVEL1_COMMUNITY:7,META_LINK,2.375404080490372,28,2000174_CIA-RDP79T00975A005500130001-6;2003048_CIA-RDP79T00975A000100560001-8;2003062_CIA-RDP79T00975A000200250001-1;2008407_CIA-RDP79T00975A000500200001-3;2026912_CIA-RDP79T00975A001000220001-5;2682864_CIA-RDP79T00975A000100310001-5;2684305_CIA-RDP79T00975A000700190001-3;2693979_CIA-RDP79T00975A000900380001-0;2872234_CIA-RDP79T00975A001200170001-9;2872244_CIA-RDP79T00975A001200270001-8;2874603_CIA-RDP79T00975A004000060001-0;3170433_CIA-RDP79T00975A002700550001-1;3176557_CIA-RDP79T00975A000200230001-3,9.755358338593139
LEVEL1_COMMUNITY:3,LEVEL1_COMMUNITY:8,META_LINK,2.64555596412151,40,2026943_CIA-RDP79T00975A001500470001-3;2050144_CIA-RDP79T00975A001200190001-7;2870939_CIA-RDP79T00975A001500330001-8;2872234_CIA-RDP79T00975A001200170001-9;2872247_CIA-RDP79T00975A001200310001-3;2893554_CIA-RDP79T00975A001100200001-6;2989920_CIA-RDP79T00975A004700050001-4;2993969_CIA-RDP79T00975A001400370001-5;2995588_CIA-RDP79T00975A002500030001-0;3003765_CIA-RDP79T00975A001400050001-0;3019091_CIA-RDP79T00975A002300080001-7;3157420_CIA-RDP79T00975A001900420001-4;3448342_CIA-RDP79T00975A002100380001-5,13.091277150270313
LEVEL1_COMMUNITY:3,LEVEL1_COMMUNITY:9,META_LINK,2.448782457492813,25,2046524_CIA-RDP79T00975A000500270001-6;2046525_CIA-RDP79T00975A000500280001-5;2049801_CIA-RDP79T00975A005700420001-2;2050130_CIA-RDP79T00975A001000540001-0;2970162_CIA-RDP79T00975A001300390001-4;2977764_CIA-RDP79T00975A004900230001-2;2977810_CIA-RDP79T00975A005400100001-0;2989472_CIA-RDP79T00975A002300490001-2;2993694_CIA-RDP79T00975A005400300001-8;3000928_CIA-RDP79T00975A001700520001-5;3164696_CIA-RDP79T00975A004700350001-1;3172667_CIA-RDP79T00975A005400110001-9;3448312_CIA-RDP79T00975A002100060001-0,10.574246000358935
LEVEL1_COMMUNITY:4,LEVEL1_COMMUNITY:5,META_LINK,3.119340492575035,60,2003052_CIA-RDP79T00975A000200080001-0;2018012_CIA-RDP79T00975A000900350001-3;2026917_CIA-RDP79T00975A001000290001-8;2046536_CIA-RDP79T00975A000500420001-9;2050110_CIA-RDP79T00975A001000030001-6;2066863_CIA-RDP79T00975A003400450001-4;2623662_CIA-RDP79T00975A000400250001-9;2623667_CIA-RDP79T00975A000500520001-8;2623670_CIA-RDP79T00975A000600110001-2;2684301_CIA-RDP79T00975A000700130001-8;2693977_CIA-RDP79T00975A000900320001-6;2693992_CIA-RDP79T00975A000900420001-5;2693994_CIA-RDP79T00975A000900470001-0;2893560_CIA-RDP79T00975A001100260001-0;2970162_CIA-RDP79T00975A001300390001-4;3000840_CIA-RDP79T00975A001700200001-0;3000942_CIA-RDP79T00975A001700690001-7;3000943_CIA-RDP79T00975A002200030001-3;3149174_CIA-RDP79T00975A001900400001-6;3160448_CIA-RDP79T00975A003100080001-8;3161865_CIA-RDP79T00975A002600370001-2;3162014_CIA-RDP79T00975A001900110001-8;3176558_CIA-RDP79T00975A000200310001-4;3180489_CIA-RDP79T00975A003000160001-0;3193806_CIA-RDP79T00975A002700150001-5;3448349_CIA-RDP79T00975A002100470001-5;3448356_CIA-RDP79T00975A002100540001-7;5973576_CIA-RDP79T00975A000800090001-6,21.631449111591543
LEVEL1_COMMUNITY:4,LEVEL1_COMMUNITY:6,META_LINK,2.1847606531860637,18,2000171_CIA-RDP79T00975A005500080001-2;2001971_CIA-RDP79T00975A005600210001-6;2739328_CIA-RDP79T00975A000400660001-4;2995617_CIA-RDP79T00975A002500360001-4;3003292_CIA-RDP79T00975A003000510001-1;3003305_CIA-RDP79T00975A004400140001-7;3007351_CIA-RDP79T00975A004800270001-9;3156604_CIA-RDP79T00975A005700280001-8;3161859_CIA-RDP79T00975A002500420001-7;3177768_CIA-RDP79T00975A003400320001-8;3448346_CIA-RDP79T00975A002100440001-8;3448356_CIA-RDP79T00975A002100540001-7,7.888520859604814
LEVEL1_COMMUNITY:4,LEVEL1_COMMUNITY:7,META_LINK,2.076626404973937,20,2064889_CIA-RDP79T00975A001000110001-7;2733145_CIA-RDP79T00975A000400090001-7;2893559_CIA-RDP79T00975A001100250001-1;2989049_CIA-RDP79T00975A002200010001-5;2989914_CIA-RDP79T00975A004600480001-8;3161861_CIA-RDP79T00975A002500450001-4;3162002_CIA-RDP79T00975A003000070001-0;3193806_CIA-RDP79T00975A002700150001-5,6.977510576605832
LEVEL1_COMMUNITY:4,LEVEL1_COMMUNITY:8,META_LINK,2.0355662577526092,15,2026918_CIA-RDP79T00975A001000550001-9;2066863_CIA-RDP79T00975A003400450001-4;2693994_CIA-RDP79T00975A000900470001-0;2870933_CIA-RDP79T00975A001500270001-5;2989473_CIA-RDP79T00975A002300540001-5;2995588_CIA-RDP79T00975A002500030001-0;2995604_CIA-RDP79T00975A002500230001-8;3003291_CIA-RDP79T00975A003000500001-2;3017424_CIA-RDP79T00975A001600520001-6;3185112_CIA-RDP79T00975A002500480001-1;3448341_CIA-RDP79T00975A002100370001-6,6.656586499640282
LEVEL1_COMMUNITY:4,LEVEL1_COMMUNITY:9,META_LINK,2.756534350550257,31,2003068_CIA-RDP79T00975A000200450001-9;2046538_CIA-RDP79T00975A000500440001-7;2066872_CIA-RDP79T00975A005400400001-7;2692632_CIA-RDP79T00975A000600610001-7;2970162_CIA-RDP79T00975A001300390001-4;2980783_CIA-RDP79T00975A001400620001-7;3003307_CIA-RDP79T00975A004400320001-7;3006372_CIA-RDP79T00975A001500350001-6;3031312_CIA-RDP79T00975A004800010001-7;3153734_CIA-RDP79T00975A003300430001-7;3160437_CIA-RDP79T00975A003000330001-1;3163340_CIA-RDP79T00975A004500300001-8;3163341_CIA-RDP79T00975A004500380001-0;3172475_CIA-RDP79T00975A004400190001-1;3185112_CIA-RDP79T00975A002500480001-1;3185116_CIA-RDP79T00975A002500520001-6;5973639_CIA-RDP79S00427A000100010002-6,14.745181005517418
LEVEL1_COMMUNITY:5,LEVEL1_COMMUNITY:6,META_LINK,2.7486455007543746,36,2001989_CIA-RDP79T00975A005600450001-0;2020554_CIA-RDP79T00975A000400070001-9;2020575_CIA-RDP79T00975A001000310001-5;2046531_CIA-RDP79T00975A000500350001-7;2046567_CIA-RDP79T00975A000600490001-1;2050119_CIA-RDP79T00975A001000380001-8;2051068_CIA-RDP79T00975A000700500001-8;2064609_CIA-RDP79T00975A000900510001-5;2698152_CIA-RDP79T00975A000500390001-3;2993988_CIA-RDP79T00975A001400590001-1;2995609_CIA-RDP79T00975A002500280001-3;3000836_CIA-RDP79T00975A001700160001-5;3015179_CIA-RDP79T00975A002700320001-6;3172677_CIA-RDP79T00975A005500410001-5;3185141_CIA-RDP79T00975A005200160001-6;3448356_CIA-RDP79T00975A002100540001-7;5973613_CIA-RDP79T00975A000800450001-6;5973614_CIA-RDP79T00975A000800460001-5,14.62145829414452
LEVEL1_COMMUNITY:5,LEVEL1_COMMUNITY:7,META_LINK,2.3857529240949336,24,2001996_CIA-RDP79T00975A000300160001-0;2003064_CIA-RDP79T00975A000200300001-5;2018013_CIA-RDP79T00975A000900360001-2;2046526_CIA-RDP79T00975A000500290001-4;2050118_CIA-RDP79T00975A001000370001-9;2064889_CIA-RDP79T00975A001000110001-7;2980781_CIA-RDP79T00975A001400610001-8;3004632_CIA-RDP79T00975A001900290001-9;3176567_CIA-RDP79T00975A000600130001-0;3178364_CIA-RDP79T00975A002700240001-5;3192204_CIA-RDP79T00975A003800230001-4;5973597_CIA-RDP79T00975A000800290001-4,9.867241793594463
LEVEL1_COMMUNITY:5,LEVEL1_COMMUNITY:8,META_LINK,2.2259814549152686,22,2003067_CIA-RDP79T00975A000200400001-4;2046527_CIA-RDP79T00975A000500300001-2;2050145_CIA-RDP79T00975A001200200001-5;2064589_CIA-RDP79T00975A000700070001-6;2066863_CIA-RDP79T00975A003400450001-4;2693994_CIA-RDP79T00975A000900470001-0;2733108_CIA-RDP79T00975A000100390001-7;3002530_CIA-RDP79T00975A001600040001-9;3448359_CIA-RDP79T00975A002100590001-2;5973609_CIA-RDP79T00975A000800410001-0,8.262569138272534
LEVEL1_COMMUNITY:5,LEVEL1_COMMUNITY:9,META_LINK,2.004002575473577,18,2008406_CIA-RDP79T00975A000500190001-5;2016346_CIA-RDP79T00975A000600440001-6;2020566_CIA-RDP79T00975A000900160001-4;2696830_CIA-RDP79T00975A000500240001-9;2929519_CIA-RDP79T00975A001100570001-6;2977764_CIA-RDP79T00975A004900230001-2;3003781_CIA-RDP79T00975A001400240001-9;3150423_CIA-RDP79T00975A003100430001-9,6.418690621287711
LEVEL1_COMMUNITY:6,LEVEL1_COMMUNITY:8,META_LINK,1.9663637113266212,18,2001984_CIA-RDP79T00975A005600400001-5;2049789_CIA-RDP79T00975A005700220001-4;2049801_CIA-RDP79T00975A005700420001-2;2063772_CIA-RDP79T00975A003100110001-4;2970155_CIA-RDP79T00975A001300300001-3;3000925_CIA-RDP79T00975A001700490001-9;3015201_CIA-RDP79T00975A003500450001-3;3017425_CIA-RDP79T00975A001600530001-5;3161977_CIA-RDP79T00975A002900260001-1,6.1446491887180255
LEVEL1_COMMUNITY:6,LEVEL1_COMMUNITY:9,META_LINK,2.1769873687387404,16,2046524_CIA-RDP79T00975A000500270001-6;2046525_CIA-RDP79T00975A000500280001-5;2049801_CIA-RDP79T00975A005700420001-2;2064593_CIA-RDP79T00975A000700260001-5;2977785_CIA-RDP79T00975A005300310001-8;3166570_CIA-RDP79T00975A003600370001-1,7.81969570396009
LEVEL1_COMMUNITY:7,LEVEL1_COMMUNITY:8,META_LINK,1.5855848962107035,10,2020581_CIA-RDP79T00975A001200180001-8;2733116_CIA-RDP79T00975A000200010001-7;2745273_CIA-RDP79T00975A000300610001-0;2989049_CIA-RDP79T00975A002200010001-5;2995604_CIA-RDP79T00975A002500230001-8;3004635_CIA-RDP79T00975A005000400001-1;3166571_CIA-RDP79T00975A004800240001-2,3.8821460923252036
LEVEL1_COMMUNITY:7,LEVEL1_COMMUNITY:9,META_LINK,1.5310302148524508,7,3007371_CIA-RDP79T00975A004900180001-8;3177792_CIA-RDP79T00975A003600310001-7;3178384_CIA-RDP79T00975A002800210001-7,3.6229369882291644
