item_key,gold_component_id,prediction_component_id,iou,prediction_source,match_status
example_000_earlier,R1.1,R1.1,0.879532,lsd_corner_refinement:lsd_geometry_rescue:h=0.98/0.98:v=1.00/0.98:corners=4,match
example_000_earlier,R2.1,R2.1,0.543724,rectilinear_zone_1:observed=4:virtual=0,match
example_000_earlier,R2.2,R2.3,0.916495,lsd_corner_refinement:lsd_geometry_rescue:h=0.89/0.97:v=1.00/0.92:corners=3,match
example_000_earlier,R2.3,R2.2,0.807585,lsd_corner_refinement:lsd_geometry_rescue:h=0.98/0.98:v=0.88/1.00:corners=4,match
example_001_earlier,R1.1,R1.1,0.897436,lsd_corner_refinement:lsd_geometry_rescue:h=0.97/0.83:v=1.00/0.97:corners=3,match
example_001_earlier,R1.2,R1.2,0.891635,lsd_corner_refinement:lsd_geometry_rescue:h=0.99/0.99:v=1.00/0.97:corners=4,match
example_002_earlier,R1.1,R1.1,0.910793,lsd_corner_refinement:lsd_geometry_rescue:h=0.99/0.97:v=0.66/0.95:corners=4,match
example_002_earlier,R1.2,R1.2,0.961867,lsd_corner_refinement:lsd_geometry_rescue:h=0.99/0.98:v=1.00/1.00:corners=4,match
example_002_earlier,R2.1,R2.1,0.98939,lsd_corner_refinement:lsd_geometry_rescue:h=0.98/0.99:v=0.94/1.00:corners=4,match
example_002_earlier,R2.2,R2.2,0.938919,lsd_corner_refinement:lsd_geometry_rescue:h=0.99/0.99:v=1.00/1.00:corners=4,match
example_002_later,R1.1,R1.1,0.889306,lsd_geometry_rescue:h=0.49/0.97:v=0.88/1.00:corners=3,match
example_002_later,R1.2,R1.2,0.91173,lsd_corner_refinement:lsd_geometry_rescue:h=0.97/0.84:v=0.93/0.67:corners=3,match
example_002_later,R2.1,R2.1,0.80887,lsd_geometry_rescue:h=0.94/0.98:v=0.98/0.98:corners=3,match
example_003_earlier,R1.1,R1.1,0.752508,lsd_corner_refinement:lsd_geometry_rescue:h=0.89/0.89:v=0.89/1.00:corners=4,match
example_003_earlier,R1.2,R1.2,0.9379,lsd_corner_refinement:lsd_geometry_rescue:h=0.99/0.99:v=1.00/1.00:corners=4,match
example_004_earlier,R1.1,R1.1,0.848904,closed_blank_contour:support=0.56:fill=0.84,match
example_004_earlier,R1.2,R2.1,0.966892,lsd_corner_refinement:lsd_geometry_rescue:h=0.99/0.98:v=1.00/1.00:corners=4,match
example_005_earlier,R1.1,R1.1,0.841488,lsd_corner_refinement:lsd_geometry_rescue:h=0.98/0.98:v=1.00/1.00:corners=4,match
example_005_earlier,R2.1,R2.1,0.521303,rectilinear_zone_91:observed=3:virtual=1,match
example_005_earlier,R2.2,R2.2,0.834722,lsd_corner_refinement:lsd_geometry_rescue:h=1.00/1.00:v=1.00/1.00:corners=4,match
example_005_earlier,R2.3,R3.1,0.829801,lsd_corner_refinement:lsd_geometry_rescue:h=0.99/0.98:v=1.00/0.87:corners=4,match
example_005_earlier,R3.1,R4.1,0.901352,lsd_corner_refinement:lsd_geometry_rescue:h=0.98/0.98:v=1.00/1.00:corners=4,match
example_005_later,R1.1,R1.1,0.872527,lsd_corner_refinement:lsd_geometry_rescue:h=0.46/0.98:v=0.97/0.99:corners=3,match
example_006_earlier,R1.1,R1.1,0.848485,lsd_corner_refinement:lsd_geometry_rescue:h=0.95/0.97:v=1.00/0.81:corners=4,match
example_006_earlier,R2.1,R2.1,0.797829,lsd_corner_refinement:lsd_geometry_rescue:h=1.00/0.98:v=0.57/0.96:corners=4,match
example_006_earlier,R2.2,R2.2,0.956163,lsd_corner_refinement:lsd_geometry_rescue:h=0.99/0.99:v=1.00/1.00:corners=4,match
example_007_earlier,R1.1,R1.1,0.807854,lsd_corner_refinement:lsd_geometry_rescue:h=0.95/0.94:v=1.00/1.00:corners=4,match
example_007_earlier,R1.2,R1.2,0.810753,lsd_corner_refinement:lsd_geometry_rescue:h=0.97/0.97:v=1.00/1.00:corners=4,match
example_008_earlier,R1.1,R1.1,0.821964,lsd_corner_refinement:lsd_geometry_rescue:h=0.97/1.00:v=0.96/0.69:corners=4,match
example_008_earlier,R1.2,R1.2,0.76435,lsd_corner_refinement:lsd_geometry_rescue:h=0.94/0.94:v=1.00/1.00:corners=4,match
example_009_earlier,R1.1,R1.1,0.947816,lsd_corner_refinement:lsd_geometry_rescue:h=0.99/1.00:v=1.00/1.00:corners=4,match
example_010_earlier,R1.1,R1.1,0.81989,lsd_corner_refinement:lsd_geometry_rescue:h=0.97/0.97:v=1.00/0.82:corners=4,match
example_010_earlier,R2.1,R2.1,0.903131,lsd_corner_refinement:lsd_geometry_rescue:h=0.96/0.93:v=1.00/1.00:corners=4,match
example_010_earlier,R3.1,R4.1,0.79796,lsd_corner_refinement:lsd_geometry_rescue:h=0.91/0.90:v=1.00/1.00:corners=4,match
example_010_earlier,R3.2,R4.2,0.824957,lsd_corner_refinement:lsd_geometry_rescue:h=0.85/0.93:v=0.88/1.00:corners=4,match
example_010_earlier,R4.1,R3.1,0.887185,lsd_corner_refinement:lsd_geometry_rescue:h=0.90/0.93:v=0.57/0.88:corners=4,match
example_010_earlier,R4.2,R3.2,0.704769,lsd_corner_refinement:lsd_geometry_rescue:h=0.90/0.90:v=1.00/0.79:corners=4,match
example_011_earlier,R1.1,R1.1,0.918182,lsd_corner_refinement:lsd_geometry_rescue:h=0.98/0.98:v=1.00/1.00:corners=4,match
example_011_earlier,R1.2,R1.2,0.906774,lsd_corner_refinement:lsd_geometry_rescue:h=0.99/0.97:v=1.00/1.00:corners=4,match
example_011_earlier,R2.1,R2.1,0.969955,lsd_corner_refinement:lsd_geometry_rescue:h=0.99/0.99:v=1.00/1.00:corners=4,match
example_011_earlier,R3.1,R3.1,0.752911,enclosed_blank_outline:support=0.69:fill=0.91,match
example_011_later,R1.1,R1.1,0.674241,lsd_layer_occlusion_rescue:lsd_geometry_rescue:h=0.97/0.67:v=0.44/0.96:corners=2,match
example_011_later,R2.1,R2.1,0.948768,lsd_corner_refinement:lsd_geometry_rescue:h=0.99/0.99:v=0.97/0.97:corners=4,match
example_011_later,R3.1,R3.1,0.807038,enclosed_blank_outline:support=0.70:fill=0.94,match
example_011_later,,R1.2,0.0,lsd_geometry_rescue:h=0.42/0.98:v=1.00/0.52:corners=3,unmatched_prediction
example_012_earlier,R1.1,R1.1,0.929661,lsd_corner_refinement:lsd_geometry_rescue:h=0.98/0.98:v=1.00/1.00:corners=4,match
example_012_earlier,R2.1,R2.1,0.902548,lsd_corner_refinement:lsd_geometry_rescue:h=0.96/1.00:v=0.50/1.00:corners=4,match
example_012_earlier,R2.2,R2.2,0.945475,lsd_corner_refinement:lsd_geometry_rescue:h=0.99/0.99:v=0.98/1.00:corners=4,match
example_012_earlier,R3.1,R3.1,0.755418,closed_blank_contour:support=0.56:fill=0.85,match
example_012_earlier,R3.2,R3.2,0.972714,lsd_corner_refinement:lsd_geometry_rescue:h=1.00/0.99:v=1.00/0.99:corners=4,match
example_012_earlier,R4.1,R4.1,0.904853,lsd_corner_refinement:lsd_geometry_rescue:h=0.94/0.94:v=1.00/1.00:corners=4,match
example_012_later,R1.1,R1.1,0.922422,lsd_corner_refinement:lsd_geometry_rescue:h=0.99/0.74:v=1.00/1.00:corners=3,match
example_012_later,R2.1,R2.1,0.927461,shared_edge_step_completion:tabs=1:lsd_geometry_rescue:h=0.90/0.99:v=1.00/1.00:corners=3,match
example_012_later,R3.1,R3.1,0.744361,enclosed_blank_outline:support=0.72:fill=0.90,match
example_013_earlier,R1.1,R1.1,0.875506,lsd_corner_refinement:lsd_geometry_rescue:h=0.98/0.94:v=1.00/0.97:corners=4,match
example_013_earlier,R1.2,R1.2,0.932335,lsd_corner_refinement:lsd_geometry_rescue:h=0.99/0.98:v=0.60/0.87:corners=4,match
example_014_earlier,R1.1,R1.1,0.953837,rectilinear_zone_1:observed=2:virtual=2,match
example_014_earlier,R2.1,R2.1,0.88635,lsd_corner_refinement:lsd_geometry_rescue:h=0.99/0.96:v=1.00/1.00:corners=4,match
example_014_earlier,R3.1,R3.1,0.929171,lsd_corner_refinement:lsd_geometry_rescue:h=0.98/0.98:v=1.00/1.00:corners=4,match
example_014_earlier,R3.2,R3.2,0.989169,lsd_corner_refinement:lsd_geometry_rescue:h=1.00/1.00:v=1.00/1.00:corners=4,match
example_014_later,R1.1,R1.1,0.938029,lsd_corner_refinement:lsd_geometry_rescue:h=0.99/0.23:v=1.00/1.00:corners=3,match
example_014_later,R2.1,R2.1,0.815237,lsd_corner_refinement:lsd_geometry_rescue:h=1.00/0.98:v=0.97/0.97:corners=4,match
example_014_later,R3.1,R3.1,0.896256,lsd_corner_refinement:lsd_geometry_rescue:h=0.97/0.96:v=0.60/1.00:corners=4,match
example_015_earlier,R1.1,R1.1,0.853336,lsd_corner_refinement:lsd_geometry_rescue:h=0.98/0.98:v=1.00/1.00:corners=4,match
example_015_earlier,R2.1,R3.1,0.705623,lsd_corner_refinement:lsd_geometry_rescue:h=0.99/0.99:v=0.79/1.00:corners=4,match
example_015_earlier,R2.2,R3.2,0.931034,lsd_corner_refinement:lsd_geometry_rescue:h=1.00/0.99:v=1.00/1.00:corners=4,match
example_015_earlier,R2.3,R3.3,0.781682,lsd_corner_refinement:lsd_geometry_rescue:h=0.95/0.98:v=1.00/0.74:corners=4,match
example_015_earlier,R3.1,R4.1,0.875919,lsd_corner_refinement:lsd_geometry_rescue:h=0.98/0.96:v=0.65/0.91:corners=4,match
example_015_earlier,R3.2,R2.1,0.0,dense_blackout_shape_preserved,poor_match
example_015_later,R1.1,R1.1,0.697125,enclosed_blank_outline:support=1.00:fill=0.92,match
example_015_later,R1.2,R1.2,0.859687,lsd_corner_refinement:lsd_geometry_rescue:h=1.00/1.00:v=1.00/1.00:corners=4,match
example_016_earlier,R1.1,R1.1,0.910907,lsd_corner_refinement:lsd_geometry_rescue:h=0.97/0.97:v=1.00/1.00:corners=4,match
example_016_earlier,R2.1,R2.1,0.778219,lsd_corner_refinement:lsd_geometry_rescue:h=0.94/0.94:v=1.00/1.00:corners=4,match
example_016_earlier,R3.1,R3.1,0.748072,lsd_corner_refinement:lsd_geometry_rescue:h=0.97/0.97:v=0.93/1.00:corners=4,match
example_016_earlier,R3.2,R3.2,0.960769,lsd_corner_refinement:lsd_geometry_rescue:h=0.99/0.99:v=1.00/0.99:corners=4,match
example_016_earlier,R4.1,R4.1,0.862957,closed_blank_contour:support=0.56:fill=0.86,match
example_016_earlier,R4.2,R4.2,0.949358,lsd_corner_refinement:lsd_geometry_rescue:h=0.99/0.99:v=1.00/1.00:corners=4,match
example_016_later,R1.1,R1.1,0.946398,lsd_corner_refinement:lsd_geometry_rescue:h=0.98/0.99:v=0.98/0.98:corners=4,match
example_016_later,R2.1,R2.1,0.878509,lsd_corner_refinement:lsd_geometry_rescue:h=0.83/0.96:v=0.89/1.00:corners=3,match
example_016_later,R3.1,R3.1,0.886109,rectilinear_zone_34:observed=4:virtual=0,match
example_016_later,R3.2,R3.2,0.900944,rectilinear_zone_30:observed=4:virtual=0,match
example_016_later,R4.1,R4.1,0.905844,lsd_corner_refinement:lsd_geometry_rescue:h=0.98/0.98:v=1.00/1.00:corners=4,match
example_016_later,R4.2,R4.2,0.859075,lsd_corner_refinement:lsd_geometry_rescue:h=0.58/0.98:v=0.95/0.95:corners=3,match
example_017_earlier,R1.1,R1.1,0.78841,lsd_corner_refinement:lsd_geometry_rescue:h=0.98/0.99:v=1.00/0.98:corners=4,match
example_017_earlier,R1.2,R1.2,0.943121,lsd_corner_refinement:lsd_geometry_rescue:h=0.98/0.99:v=0.99/0.99:corners=3,match
example_017_earlier,R2.1,R2.1,0.863696,lsd_corner_refinement:lsd_geometry_rescue:h=0.97/0.97:v=1.00/1.00:corners=4,match
example_017_later,R1.1,R1.1,0.815153,lsd_corner_refinement:lsd_geometry_rescue:h=0.98/0.98:v=1.00/1.00:corners=4,match
example_018_earlier,R1.1,R1.1,0.93458,lsd_corner_refinement:lsd_geometry_rescue:h=0.99/0.99:v=0.95/1.00:corners=4,match
example_018_earlier,R1.2,R1.2,0.955887,lsd_corner_refinement:lsd_geometry_rescue:h=0.97/0.96:v=0.99/1.00:corners=4,match
example_018_earlier,R2.1,R2.1,0.819992,lsd_corner_refinement:lsd_geometry_rescue:h=0.97/0.97:v=1.00/1.00:corners=4,match
example_018_earlier,R3.1,R3.1,0.917007,lsd_corner_refinement:lsd_geometry_rescue:h=0.93/0.94:v=1.00/1.00:corners=4,match
example_018_earlier,R3.2,R3.2,0.870694,closed_blank_contour:support=0.51:fill=0.87,match
example_018_earlier,R4.1,R4.1,0.863122,lsd_corner_refinement:lsd_geometry_rescue:h=0.98/0.99:v=0.94/1.00:corners=4,match
example_018_earlier,R5.1,R5.1,0.902294,lsd_outer_border_promotion:lsd_geometry_rescue:h=0.97/1.00:v=0.88/0.88:corners=4,match
example_018_later,R1.1,R1.1,0.83628,lsd_corner_refinement:lsd_geometry_rescue:h=0.48/0.99:v=1.00/1.00:corners=3,match
example_018_later,R2.1,R2.1,0.904122,lsd_corner_refinement:lsd_geometry_rescue:h=0.98/0.98:v=1.00/1.00:corners=4,match
example_019_earlier,R1.1,R1.1,0.865013,lsd_corner_refinement:lsd_geometry_rescue:h=0.97/0.97:v=1.00/0.84:corners=4,match
example_019_earlier,R2.1,R2.1,0.956555,lsd_corner_refinement:lsd_geometry_rescue:h=0.98/0.99:v=0.97/1.00:corners=4,match
example_019_earlier,R2.2,R2.2,0.961346,lsd_corner_refinement:lsd_geometry_rescue:h=0.97/0.96:v=1.00/0.99:corners=4,match
example_019_earlier,R3.1,R3.1,0.895104,lsd_corner_refinement:lsd_geometry_rescue:h=0.97/0.97:v=1.00/1.00:corners=4,match
example_019_earlier,R3.2,R3.2,0.784252,enclosed_blank_outline:support=0.68:fill=0.82,match
example_019_later,R1.1,R1.1,0.905358,rectilinear_zone_1:observed=3:virtual=1,match
example_019_later,R2.1,R2.1,0.853339,lsd_corner_refinement:lsd_geometry_rescue:h=0.78/0.97:v=0.97/0.98:corners=3,match
example_020_earlier,R2.1,R1.1,0.880539,lsd_corner_refinement:lsd_geometry_rescue:h=0.97/0.97:v=1.00/1.00:corners=4,match
example_020_earlier,R2.2,R1.2,0.963017,lsd_corner_refinement:lsd_geometry_rescue:h=0.99/0.99:v=1.00/1.00:corners=4,match
example_020_earlier,R3.1,R2.1,0.598025,enclosed_blank_outline:support=0.67:fill=0.87,match
example_020_earlier,R1.1,,0.0,,missed_gold
example_020_later,R1.1,R1.2,0.0,enclosed_blank_outline:support=0.71:fill=0.91,poor_match
example_020_later,R2.1,R1.1,0.864074,enclosed_blank_outline:support=0.96:fill=0.95,match
example_021_earlier,R1.1,R1.1,0.833383,lsd_corner_refinement:lsd_geometry_rescue:h=0.98/0.98:v=0.90/1.00:corners=4,match
example_021_earlier,R1.2,R1.2,0.875,lsd_corner_refinement:lsd_geometry_rescue:h=0.99/0.99:v=1.00/0.95:corners=4,match
example_021_earlier,R2.1,R2.1,0.949104,lsd_corner_refinement:lsd_geometry_rescue:h=0.97/0.99:v=0.99/0.99:corners=4,match
example_021_earlier,R2.2,R2.2,0.955759,lsd_corner_refinement:lsd_geometry_rescue:h=0.99/0.99:v=1.00/1.00:corners=4,match
example_021_later,R1.1,R1.1,0.954413,lsd_corner_refinement:lsd_geometry_rescue:h=0.55/0.98:v=1.00/1.00:corners=3,match
example_022_earlier,R2.1,R1.1,0.918812,lsd_corner_refinement:lsd_geometry_rescue:h=0.98/0.98:v=1.00/1.00:corners=4,match
example_022_earlier,R1.1,,0.0,,missed_gold
example_022_later,R1.1,R1.1,0.902011,rectilinear_zone_1:observed=3:virtual=1,match
example_023_earlier,R1.1,R1.1,0.946499,lsd_corner_refinement:lsd_geometry_rescue:h=0.99/0.99:v=1.00/1.00:corners=4,match
example_023_earlier,R1.2,R1.2,0.869602,lsd_corner_refinement:lsd_geometry_rescue:h=0.99/0.98:v=1.00/0.65:corners=4,match
example_023_later,R1.1,R1.1,0.921053,lsd_corner_refinement:lsd_geometry_rescue:h=0.99/0.99:v=1.00/0.91:corners=4,match
example_024_earlier,R1.1,R1.1,0.942646,closed_blank_contour:support=0.52:fill=0.91,match
example_024_earlier,R1.2,R1.2,0.824446,lsd_corner_refinement:lsd_geometry_rescue:h=0.97/0.98:v=1.00/0.59:corners=4,match
example_025_earlier,R1.1,R1.1,0.918068,closed_blank_contour:support=0.49:fill=0.92,match
example_025_earlier,R1.2,R1.2,0.950027,lsd_corner_refinement:lsd_geometry_rescue:h=0.99/0.96:v=1.00/0.91:corners=4,match
example_025_later,R1.1,R1.1,0.828696,enclosed_blank_outline:support=1.00:fill=0.75,match
example_025_later,R1.2,R1.2,0.939406,rectilinear_zone_2:observed=4:virtual=0,match
example_026_earlier,R2.1,R1.1,0.833564,lsd_corner_refinement:lsd_geometry_rescue:h=0.93/0.93:v=1.00/1.00:corners=4,match
example_026_earlier,R2.2,R1.2,0.811884,lsd_corner_refinement:lsd_geometry_rescue:h=0.98/0.98:v=1.00/0.90:corners=4,match
example_026_earlier,R3.1,R2.1,0.938467,lsd_corner_refinement:lsd_geometry_rescue:h=0.98/0.98:v=0.97/1.00:corners=4,match
example_026_earlier,R3.2,R2.2,0.917571,lsd_corner_refinement:lsd_geometry_rescue:h=0.99/0.99:v=1.00/1.00:corners=4,match
example_026_earlier,R1.1,,0.0,,missed_gold
example_026_later,R1.1,R1.1,0.958421,rectilinear_zone_1:observed=3:virtual=1,match
example_027_earlier,R1.1,R1.1,0.963867,lsd_corner_refinement:lsd_geometry_rescue:h=0.98/0.96:v=0.98/1.00:corners=3,match
example_027_earlier,R1.2,R1.2,0.876574,lsd_corner_refinement:lsd_geometry_rescue:h=0.97/0.97:v=1.00/0.99:corners=4,match
example_027_earlier,R2.1,R2.1,0.875139,lsd_corner_refinement:lsd_geometry_rescue:h=0.99/0.96:v=0.58/0.96:corners=4,match
example_027_earlier,R2.2,,0.0,,missed_gold
example_027_later,R1.1,R1.1,0.840089,lsd_outer_border_promotion:lsd_geometry_rescue:h=0.97/0.97:v=0.93/1.00:corners=4,match
example_028_earlier,R1.1,R1.1,0.936677,lsd_corner_refinement:lsd_geometry_rescue:h=0.97/0.97:v=1.00/1.00:corners=4,match
example_028_earlier,R2.1,R2.1,0.962095,lsd_corner_refinement:lsd_geometry_rescue:h=0.99/1.00:v=1.00/0.97:corners=4,match
example_028_earlier,R2.2,R2.2,0.85643,lsd_corner_refinement:lsd_geometry_rescue:h=0.96/0.96:v=1.00/0.87:corners=4,match
example_028_earlier,R3.1,R3.1,0.981926,lsd_corner_refinement:lsd_geometry_rescue:h=0.98/1.00:v=0.95/0.98:corners=3,match
example_028_earlier,R3.2,R3.2,0.923803,lsd_corner_refinement:lsd_geometry_rescue:h=0.98/0.55:v=0.99/0.96:corners=3,match
example_028_earlier,R4.1,R4.1,0.847193,lsd_corner_refinement:lsd_geometry_rescue:h=0.99/0.98:v=0.66/0.97:corners=4,match
example_028_earlier,R4.2,R4.2,0.958471,lsd_corner_refinement:lsd_geometry_rescue:h=0.99/0.99:v=1.00/1.00:corners=4,match
example_028_later,R1.1,R1.1,0.918931,lsd_corner_refinement:lsd_geometry_rescue:h=0.99/0.97:v=0.96/0.91:corners=4,match
example_030_earlier,R1.1,R2.1,0.669799,lsd_corner_refinement:lsd_geometry_rescue:h=0.96/0.98:v=0.92/1.00:corners=4,match
example_030_earlier,R1.2,R2.2,0.976829,lsd_corner_refinement:lsd_geometry_rescue:h=1.00/0.99:v=1.00/1.00:corners=4,match
example_030_earlier,R1.3,R2.3,0.810894,lsd_corner_refinement:lsd_geometry_rescue:h=0.98/0.98:v=1.00/0.93:corners=4,match
example_030_earlier,R2.1,R3.1,0.965493,rectilinear_zone_42:observed=2:virtual=2,match
example_030_earlier,,R1.1,0.0,enclosed_blank_outline:support=0.69:fill=0.91,unmatched_prediction
example_030_later,R1.1,R1.1,0.96635,rectilinear_zone_57:observed=2:virtual=2,match
example_031_earlier,R1.1,R1.1,0.850282,lsd_corner_refinement:lsd_geometry_rescue:h=0.98/0.96:v=1.00/0.98:corners=4,match
example_031_earlier,R1.2,R1.2,0.805285,lsd_corner_refinement:lsd_geometry_rescue:h=0.99/0.97:v=1.00/0.91:corners=4,match
example_031_earlier,R2.1,R2.1,0.802848,lsd_corner_refinement:lsd_geometry_rescue:h=0.99/0.99:v=0.94/1.00:corners=4,match
example_031_earlier,R2.2,R2.2,0.63123,enclosed_blank_outline:support=0.67:fill=0.87,match
example_031_later,R1.1,R1.1,0.916161,lsd_corner_refinement:lsd_geometry_rescue:h=0.99/1.00:v=0.88/0.99:corners=4,match
example_031_later,R1.2,R1.2,0.92196,rectilinear_zone_49:observed=3:virtual=1,match
example_032_earlier,R1.1,R1.1,0.870636,lsd_corner_refinement:lsd_geometry_rescue:h=0.99/0.96:v=0.88/0.64:corners=4,match
example_032_earlier,R1.2,R1.2,0.865895,lsd_corner_refinement:lsd_geometry_rescue:h=0.98/0.98:v=1.00/0.82:corners=4,match
example_032_earlier,R2.1,R2.1,0.785171,lsd_corner_refinement:lsd_geometry_rescue:h=0.98/0.98:v=0.88/0.88:corners=4,match
example_032_earlier,R2.2,R2.2,0.988964,rectilinear_zone_49:observed=3:virtual=1,match
example_032_later,R1.1,R1.1,0.91889,lsd_corner_refinement:lsd_geometry_rescue:h=0.97/0.96:v=1.00/1.00:corners=4,match
example_032_later,R2.1,R2.1,0.997474,rectilinear_zone_22:observed=3:virtual=1,match
example_033_earlier,R1.1,R1.1,0.926514,lsd_corner_refinement:lsd_geometry_rescue:h=0.98/0.99:v=0.97/1.00:corners=4,match
example_033_earlier,R2.1,R2.1,0.946117,lsd_outer_border_promotion:lsd_geometry_rescue:h=1.00/1.00:v=0.78/0.91:corners=4,match
example_033_earlier,R3.1,R3.1,0.84678,lsd_corner_refinement:lsd_geometry_rescue:h=0.98/0.99:v=0.84/1.00:corners=4,match
example_033_earlier,R3.2,R3.2,0.98198,lsd_corner_refinement:lsd_geometry_rescue:h=1.00/0.99:v=1.00/1.00:corners=4,match
example_033_earlier,R4.1,R4.1,0.912516,lsd_corner_refinement:lsd_geometry_rescue:h=0.98/0.99:v=0.98/1.00:corners=4,match
example_033_earlier,R4.2,R4.2,0.977583,rectilinear_zone_51:observed=3:virtual=1,match
example_033_later,R1.1,R1.1,0.937953,rectilinear_zone_1:observed=2:virtual=2,match
example_033_later,R2.1,R2.1,0.921707,lsd_corner_refinement:lsd_geometry_rescue:h=0.97/0.97:v=1.00/1.00:corners=4,match
example_033_later,R3.1,R3.1,0.909408,lsd_corner_refinement:lsd_geometry_rescue:h=0.99/0.99:v=0.83/1.00:corners=4,match
example_033_later,R3.2,R3.2,0.760847,rectilinear_zone_66:observed=3:virtual=1,match
example_034_earlier,R1.1,R1.1,0.927629,lsd_corner_refinement:lsd_geometry_rescue:h=0.97/0.97:v=1.00/1.00:corners=4,match
example_034_earlier,R2.1,R2.1,0.896315,lsd_corner_refinement:lsd_geometry_rescue:h=0.99/0.99:v=0.89/1.00:corners=4,match
example_034_earlier,R3.1,R3.1,0.912236,lsd_corner_refinement:lsd_geometry_rescue:h=0.98/0.98:v=1.00/1.00:corners=4,match
example_034_later,R1.1,R1.1,0.9822,lsd_corner_refinement:lsd_geometry_rescue:h=0.98/0.98:v=1.00/1.00:corners=4,match
example_034_later,R2.1,R2.1,0.861763,rectilinear_zone_51:observed=4:virtual=0,match
example_035_earlier,R1.1,R1.1,0.795771,lsd_corner_refinement:lsd_geometry_rescue:h=0.92/0.55:v=0.98/1.00:corners=3,match
example_035_earlier,R1.2,R1.2,0.785985,lsd_corner_refinement:lsd_geometry_rescue:h=0.98/0.96:v=1.00/1.00:corners=4,match
example_035_earlier,R1.3,R1.3,0.794958,lsd_corner_refinement:lsd_geometry_rescue:h=0.90/0.90:v=1.00/1.00:corners=4,match
example_035_earlier,R2.1,R2.1,0.831179,lsd_corner_refinement:lsd_geometry_rescue:h=0.95/0.95:v=0.92/1.00:corners=4,match
example_035_earlier,R2.2,R2.2,0.972213,rectilinear_zone_6:observed=2:virtual=2,match
example_035_later,R1.1,R2.1,0.884303,lsd_corner_refinement:lsd_geometry_rescue:h=0.89/0.89:v=0.97/1.00:corners=4,match
example_035_later,R2.1,R1.1,0.88068,lsd_corner_refinement:lsd_geometry_rescue:h=0.19/0.97:v=1.00/1.00:corners=3,match
example_036_earlier,R1.1,R1.1,0.885411,lsd_corner_refinement:lsd_geometry_rescue:h=0.97/0.97:v=1.00/1.00:corners=4,match
example_036_earlier,R2.1,R2.1,0.955404,lsd_corner_refinement:lsd_geometry_rescue:h=0.98/0.98:v=0.99/0.99:corners=4,match
example_036_earlier,R2.2,R2.2,0.92077,lsd_corner_refinement:lsd_geometry_rescue:h=0.98/0.98:v=1.00/1.00:corners=4,match
example_036_earlier,R3.1,R3.1,0.945776,lsd_corner_refinement:lsd_geometry_rescue:h=0.97/0.88:v=1.00/1.00:corners=3,match
example_036_earlier,R3.2,R3.2,0.866989,lsd_corner_refinement:lsd_geometry_rescue:h=0.99/0.98:v=0.99/0.81:corners=4,match
example_036_earlier,R4.1,,0.0,,missed_gold
example_036_later,R1.1,R1.1,0.952933,rectilinear_zone_1:observed=4:virtual=0,match
example_036_later,R2.1,R2.1,0.868189,lsd_corner_refinement:lsd_geometry_rescue:h=0.93/0.97:v=0.99/0.94:corners=3,match
example_038_earlier,R1.1,R2.3,0.0,closed_blank_contour:support=0.53:fill=0.67,poor_match
example_038_earlier,R2.1,R1.1,0.795861,enclosed_blank_outline:support=0.99:fill=0.73,match
example_038_earlier,R3.1,R2.1,0.55893,closed_blank_contour:support=0.54:fill=0.75,match
example_038_earlier,R3.2,R2.2,0.562686,enclosed_blank_outline:support=0.68:fill=0.59,match
example_038_later,R1.1,R1.1,0.898366,rectilinear_zone_1:observed=3:virtual=1,match
example_038_later,R2.1,R2.1,0.840533,enclosed_blank_outline:support=1.00:fill=0.85,match
example_038_later,R2.2,R2.2,0.877563,enclosed_blank_outline:support=0.71:fill=0.88,match
example_039_earlier,R1.1,R1.1,0.606876,closed_blank_contour:support=0.50:fill=0.85,match
example_039_earlier,R1.2,R1.2,0.967179,lsd_corner_refinement:lsd_geometry_rescue:h=0.99/0.98:v=1.00/1.00:corners=4,match
example_039_earlier,R2.1,R2.1,0.903315,lsd_corner_refinement:lsd_geometry_rescue:h=0.99/0.99:v=0.56/0.95:corners=3,match
example_039_earlier,R2.2,R2.2,0.989453,rectilinear_zone_4:observed=2:virtual=2,match
example_039_later,R1.1,R1.1,0.822643,lsd_corner_refinement:lsd_geometry_rescue:h=0.82/0.95:v=1.00/1.00:corners=3,match
example_039_later,R2.1,R2.1,0.72017,enclosed_blank_outline:support=0.67:fill=0.87,match
example_040_earlier,R1.1,R1.1,0.887929,lsd_corner_refinement:lsd_geometry_rescue:h=0.97/0.97:v=1.00/1.00:corners=4,match
example_040_earlier,R2.1,R2.1,0.916558,lsd_corner_refinement:lsd_geometry_rescue:h=0.95/0.95:v=1.00/1.00:corners=4,match
example_040_earlier,R3.1,R3.1,0.899934,lsd_corner_refinement:lsd_geometry_rescue:h=0.97/0.96:v=0.55/0.97:corners=3,match
example_040_earlier,R3.2,R3.2,0.972496,rectilinear_zone_43:observed=2:virtual=2,match
example_040_later,R1.1,R1.1,0.945295,rectilinear_zone_2:observed=3:virtual=1,match
example_040_later,R2.1,R2.1,0.800426,rectilinear_zone_54:observed=4:virtual=0,match
example_040_later,R2.2,R2.2,0.920912,rectilinear_zone_54:observed=3:virtual=1,match
example_041_earlier,R1.1,R1.1,0.919469,lsd_corner_refinement:lsd_geometry_rescue:h=0.98/0.98:v=1.00/1.00:corners=4,match
example_041_earlier,R2.1,R2.1,0.939111,lsd_corner_refinement:lsd_geometry_rescue:h=0.99/0.98:v=1.00/1.00:corners=4,match
example_041_earlier,R2.2,R2.2,0.950473,lsd_corner_refinement:lsd_geometry_rescue:h=0.98/0.98:v=1.00/1.00:corners=4,match
example_041_earlier,R3.1,R3.1,0.933645,lsd_corner_refinement:lsd_geometry_rescue:h=0.97/0.99:v=0.98/1.00:corners=4,match
example_041_earlier,R3.2,R3.2,0.76843,lsd_corner_refinement:lsd_geometry_rescue:h=0.99/0.46:v=1.00/1.00:corners=3,match
example_041_later,R1.1,R1.1,0.972134,rectilinear_zone_2:observed=4:virtual=0,match
example_041_later,R2.1,R2.1,0.90825,lsd_corner_refinement:lsd_geometry_rescue:h=0.65/0.97:v=1.00/1.00:corners=3,match
example_041_later,R3.1,,0.0,,missed_gold
example_043_earlier,R1.1,R1.1,0.835231,lsd_corner_refinement:lsd_geometry_rescue:h=0.96/0.97:v=1.00/0.99:corners=4,match
example_043_earlier,R2.1,R2.1,0.819835,lsd_corner_refinement:lsd_geometry_rescue:h=0.97/0.93:v=0.73/0.94:corners=4,match
example_043_earlier,R2.2,R2.2,0.975568,rectilinear_zone_14:observed=3:virtual=1,match
example_043_later,R1.1,R1.1,0.878841,lsd_corner_refinement:lsd_geometry_rescue:h=0.96/0.96:v=0.94/0.98:corners=4,match
example_043_later,R1.2,R1.2,0.900888,lsd_corner_refinement:lsd_geometry_rescue:h=0.90/0.98:v=1.00/0.92:corners=3,match
example_043_later,R2.1,R2.1,0.790828,enclosed_blank_outline:support=0.67:fill=0.77,match
example_044_earlier,R1.1,R1.1,0.968018,closed_blank_contour:support=0.54:fill=0.87,match
example_045_earlier,R1.1,R1.1,0.966669,lsd_corner_refinement:lsd_geometry_rescue:h=0.99/0.99:v=1.00/1.00:corners=4,match
example_045_earlier,R1.2,R1.2,0.916885,lsd_corner_refinement:lsd_geometry_rescue:h=0.91/0.98:v=1.00/1.00:corners=3,match
example_045_earlier,R2.1,R2.1,0.950528,lsd_corner_refinement:lsd_geometry_rescue:h=0.97/0.97:v=1.00/1.00:corners=4,match
example_045_earlier,R2.2,R2.2,0.991334,rectilinear_zone_74:observed=3:virtual=1,match
example_045_later,R1.1,R1.1,0.847784,lsd_corner_refinement:lsd_geometry_rescue:h=0.78/0.98:v=0.94/1.00:corners=3,match
example_045_later,R2.1,R2.1,0.970891,rectilinear_zone_127:observed=2:virtual=2,match
example_046_earlier,R1.1,R1.1,0.840442,lsd_corner_refinement:lsd_geometry_rescue:h=0.98/0.98:v=0.83/0.83:corners=4,match
example_046_earlier,R2.1,R2.1,0.942405,closed_blank_contour:support=0.54:fill=0.66,match
example_046_earlier,R3.1,R3.1,0.610722,lsd_corner_refinement:lsd_geometry_rescue:h=0.99/0.97:v=0.71/0.75:corners=4,match
example_046_earlier,R3.2,R3.2,0.949245,lsd_geometry_rescue:h=1.00/0.33:v=0.97/0.96:corners=3,match
example_046_later,R1.1,R1.1,0.83908,lsd_corner_refinement:lsd_geometry_rescue:h=0.82/0.93:v=1.00/1.00:corners=3,match
example_046_later,R2.1,R2.1,0.908129,enclosed_blank_outline:support=0.99:fill=0.87,match
example_047_earlier,R1.1,R1.1,0.850361,lsd_corner_refinement:lsd_geometry_rescue:h=0.99/0.99:v=0.96/0.92:corners=4,match
example_047_earlier,R2.1,R2.1,0.969495,lsd_corner_refinement:lsd_geometry_rescue:h=0.99/0.83:v=1.00/1.00:corners=3,match
example_047_earlier,R2.2,R2.2,0.774093,lsd_corner_refinement:lsd_geometry_rescue:h=0.97/0.97:v=1.00/1.00:corners=4,match
example_047_earlier,R3.1,R3.1,0.909056,lsd_corner_refinement:lsd_geometry_rescue:h=0.98/0.98:v=1.00/1.00:corners=4,match
example_047_earlier,R3.2,R3.2,0.970651,rectilinear_zone_60:observed=3:virtual=1,match
example_047_later,R1.1,R1.1,0.883831,lsd_corner_refinement:lsd_geometry_rescue:h=0.99/0.99:v=0.87/0.87:corners=4,match
example_047_later,R2.1,R2.1,0.863502,lsd_corner_refinement:lsd_geometry_rescue:h=0.99/1.00:v=0.98/0.92:corners=4,match
example_048_earlier,R1.1,R1.1,0.9831,rectilinear_zone_1:observed=2:virtual=2,match
example_048_earlier,R2.1,R2.1,0.712821,lsd_corner_refinement:lsd_geometry_rescue:h=0.96/0.96:v=0.75/0.88:corners=4,match
example_048_earlier,R2.2,R3.1,0.964528,lsd_corner_refinement:lsd_geometry_rescue:h=0.99/0.99:v=1.00/1.00:corners=4,match
example_048_later,R1.1,R1.1,0.973352,lsd_corner_refinement:lsd_geometry_rescue:h=0.98/0.98:v=1.00/1.00:corners=4,match
example_048_later,R2.1,R2.1,0.949028,lsd_corner_refinement:lsd_geometry_rescue:h=0.92/0.98:v=0.95/1.00:corners=3,match
example_049_earlier,R1.1,R1.1,0.932991,lsd_corner_refinement:lsd_geometry_rescue:h=0.99/0.99:v=1.00/1.00:corners=4,match
example_049_earlier,R2.1,R2.1,0.887053,lsd_corner_refinement:lsd_geometry_rescue:h=0.99/0.97:v=1.00/0.98:corners=4,match
example_049_earlier,R2.2,R2.2,0.964978,lsd_corner_refinement:lsd_geometry_rescue:h=0.99/0.99:v=0.99/1.00:corners=4,match
example_049_later,R1.1,R1.1,0.916219,lsd_corner_refinement:lsd_geometry_rescue:h=0.57/0.98:v=1.00/0.92:corners=3,match
example_049_later,R2.1,R2.1,0.971704,lsd_corner_refinement:lsd_geometry_rescue:h=0.99/0.99:v=1.00/1.00:corners=4,match
example_050_earlier,R1.1,R1.1,0.935888,closed_blank_contour:support=0.50:fill=0.88,match
example_050_earlier,R2.1,R2.1,0.931815,lsd_corner_refinement:lsd_geometry_rescue:h=0.98/0.98:v=1.00/1.00:corners=4,match
example_050_earlier,R2.2,R2.2,0.952976,lsd_corner_refinement:lsd_geometry_rescue:h=0.99/0.98:v=1.00/1.00:corners=4,match
example_050_later,R1.1,R1.1,0.930125,lsd_corner_refinement:lsd_geometry_rescue:h=0.36/0.99:v=0.99/0.99:corners=3,match
example_050_later,R2.1,R2.1,0.997067,rectilinear_zone_56:observed=2:virtual=2,match
example_051_earlier,R1.1,R1.1,0.892296,enclosed_blank_outline:support=0.99:fill=0.69,match
example_051_earlier,R2.1,R2.1,0.914393,lsd_corner_refinement:lsd_geometry_rescue:h=0.97/0.99:v=0.98/1.00:corners=4,match
example_051_earlier,R2.2,R2.2,0.994585,rectilinear_zone_38:observed=3:virtual=1,match
example_051_later,R1.1,R1.1,0.92227,lsd_corner_refinement:lsd_geometry_rescue:h=0.98/0.97:v=0.99/0.99:corners=4,match
example_051_later,R1.2,R1.2,0.931584,rectilinear_zone_54:observed=4:virtual=0,match
example_051_later,R2.1,R2.1,0.908974,lsd_corner_refinement:lsd_geometry_rescue:h=0.97/0.97:v=0.97/1.00:corners=4,match
example_051_later,R2.2,R2.2,0.918167,lsd_corner_refinement:lsd_geometry_rescue:h=0.98/0.99:v=1.00/0.97:corners=4,match
example_051_later,R3.1,R3.1,0.872093,lsd_corner_refinement:lsd_geometry_rescue:h=0.91/0.97:v=0.96/0.93:corners=4,match
example_051_later,R4.1,R3.2,0.991266,lsd_corner_refinement:lsd_geometry_rescue:h=1.00/1.00:v=1.00/1.00:corners=4,match
example_052_earlier,R1.1,R1.1,0.93754,closed_blank_contour:support=0.63:fill=0.94,match
example_052_earlier,R1.2,R1.2,0.865631,lsd_corner_refinement:lsd_geometry_rescue:h=0.54/0.95:v=0.94/1.00:corners=3,match
example_052_earlier,R1.3,R1.3,0.862941,closed_blank_contour:support=0.65:fill=0.77,match
example_052_earlier,R2.1,R2.1,0.965687,enclosed_blank_outline:support=0.95:fill=0.77,match
example_052_earlier,R3.1,R3.1,0.910441,rectilinear_zone_16:observed=4:virtual=0,match
example_052_earlier,R3.2,R3.2,0.972336,rectilinear_zone_16:observed=3:virtual=1,match
example_052_later,R1.1,R1.1,0.863496,lsd_corner_refinement:lsd_geometry_rescue:h=0.80/0.97:v=0.92/0.89:corners=3,match
example_052_later,R2.1,R2.1,0.896178,rectilinear_zone_19:observed=3:virtual=1,match
example_053_earlier,R1.1,R1.1,0.889383,lsd_corner_refinement:lsd_geometry_rescue:h=0.93/0.79:v=0.99/1.00:corners=3,match
example_053_earlier,R1.2,R1.3,0.947174,lsd_corner_refinement:lsd_geometry_rescue:h=0.96/0.98:v=1.00/0.93:corners=4,match
example_053_earlier,R1.3,R1.2,0.775058,lsd_corner_refinement:lsd_geometry_rescue:h=0.98/0.99:v=0.94/0.96:corners=4,match
example_053_earlier,R2.1,R2.1,0.946106,lsd_corner_refinement:lsd_geometry_rescue:h=0.98/0.99:v=0.99/1.00:corners=4,match
example_053_earlier,R2.2,R2.2,0.894402,enclosed_blank_outline:support=0.62:fill=0.92,match
example_053_later,R1.1,R1.1,0.817417,enclosed_blank_outline:support=1.00:fill=0.82,match
example_053_later,R1.2,R1.2,0.939605,enclosed_blank_outline:support=0.63:fill=0.94,match
example_054_earlier,R1.1,R1.1,0.583463,rectilinear_zone_2:observed=4:virtual=0,match
example_054_earlier,R1.2,R1.2,0.871074,lsd_corner_refinement:lsd_geometry_rescue:h=0.63/0.98:v=0.99/0.89:corners=3,match
example_054_earlier,R1.3,R1.3,0.665172,shared_edge_step_completion:tabs=1:lsd_corner_refinement:lsd_geometry_rescue:h=0.71/0.99:v=1.00/1.00:corners=3,match
example_054_earlier,R2.1,R2.1,0.868563,lsd_corner_refinement:lsd_geometry_rescue:h=0.97/0.97:v=1.00/1.00:corners=4,match
example_054_earlier,R3.1,R3.1,0.935927,lsd_corner_refinement:lsd_geometry_rescue:h=0.98/0.98:v=1.00/1.00:corners=4,match
example_054_earlier,R3.2,R3.2,0.948309,rectilinear_zone_66:observed=2:virtual=2,match
example_054_later,R1.1,R1.1,0.830657,lsd_corner_refinement:lsd_geometry_rescue:h=0.29/0.98:v=1.00/1.00:corners=3,match
example_054_later,R2.1,R2.1,0.964014,lsd_corner_refinement:lsd_geometry_rescue:h=0.92/0.97:v=1.00/1.00:corners=4,match
example_054_later,R3.1,R3.1,0.725304,enclosed_blank_outline:support=0.67:fill=0.91,match
example_055_earlier,R1.1,R1.1,0.85259,lsd_corner_refinement:lsd_geometry_rescue:h=0.97/0.97:v=0.97/1.00:corners=4,match
example_055_earlier,R2.1,R2.1,0.992908,rectilinear_zone_26:observed=3:virtual=1,match
example_055_later,R1.1,R1.1,0.923984,lsd_corner_refinement:lsd_geometry_rescue:h=0.97/0.98:v=0.97/0.91:corners=4,match
example_055_later,R2.1,R1.2,0.986993,rectilinear_zone_31:observed=2:virtual=2,match
example_056_earlier,R1.1,R1.1,0.807722,lsd_corner_refinement:lsd_geometry_rescue:h=0.98/0.98:v=0.95/1.00:corners=4,match
example_056_earlier,R1.2,R1.2,0.808321,lsd_corner_refinement:lsd_geometry_rescue:h=0.94/0.94:v=1.00/0.89:corners=4,match
example_056_earlier,R2.1,R2.1,0.947144,lsd_corner_refinement:lsd_geometry_rescue:h=0.99/0.95:v=0.98/1.00:corners=3,match
example_056_earlier,R2.2,R2.2,0.911884,lsd_corner_refinement:lsd_geometry_rescue:h=0.99/0.79:v=0.98/0.95:corners=3,match
example_056_earlier,R3.1,R3.1,0.888778,lsd_corner_refinement:lsd_geometry_rescue:h=0.99/0.95:v=0.65/0.56:corners=3,match
example_056_earlier,R3.2,,0.0,,missed_gold
example_056_later,R1.1,R1.1,0.853481,lsd_corner_refinement:lsd_geometry_rescue:h=0.99/0.76:v=0.75/1.00:corners=3,match
example_056_later,R1.2,R1.2,0.777063,enclosed_blank_outline:support=1.00:fill=0.88,match
example_056_later,R2.1,R2.1,0.89219,lsd_corner_refinement:lsd_geometry_rescue:h=0.96/0.96:v=1.00/1.00:corners=4,match
example_056_later,R3.1,R2.2,0.999192,rectilinear_zone_77:observed=2:virtual=2,match
example_057_earlier,R1.1,R1.1,0.953703,lsd_corner_refinement:lsd_geometry_rescue:h=1.00/0.81:v=0.96/1.00:corners=3,match
example_057_earlier,R1.2,R1.2,0.804313,lsd_corner_refinement:lsd_geometry_rescue:h=0.99/0.98:v=0.99/0.99:corners=4,match
example_057_earlier,R2.1,R2.1,0.86548,lsd_corner_refinement:lsd_geometry_rescue:h=0.94/0.94:v=0.94/1.00:corners=4,match
example_057_earlier,R2.2,R2.2,0.961172,rectilinear_zone_12:observed=2:virtual=2,match
example_057_later,R1.1,R1.1,0.846674,lsd_corner_refinement:lsd_geometry_rescue:h=0.91/0.90:v=0.78/0.99:corners=4,match
example_057_later,,R1.2,0.0,enclosed_blank_outline:support=0.73:fill=0.92,unmatched_prediction
example_058_earlier,R1.1,R1.1,0.839695,lsd_corner_refinement:lsd_geometry_rescue:h=0.96/0.98:v=0.62/0.58:corners=4,match
example_058_earlier,R1.2,R1.2,0.964921,lsd_corner_refinement:lsd_geometry_rescue:h=0.99/0.99:v=1.00/1.00:corners=4,match
example_058_earlier,R2.1,R2.1,0.917079,rectilinear_zone_11:observed=4:virtual=0,match
example_058_earlier,R2.2,R2.2,0.782056,rectilinear_zone_11:observed=2:virtual=2,match
example_058_later,R1.1,R1.1,0.766856,lsd_corner_refinement:lsd_geometry_rescue:h=0.91/0.91:v=0.80/1.00:corners=4,match
example_058_later,R1.2,R1.2,0.819864,rectilinear_zone_15:observed=2:virtual=2,match
example_059_earlier,R1.1,R1.1,0.815067,lsd_corner_refinement:lsd_geometry_rescue:h=0.98/0.98:v=1.00/1.00:corners=4,match
example_059_earlier,R1.2,R1.2,0.784219,lsd_corner_refinement:lsd_geometry_rescue:h=0.97/0.87:v=1.00/0.95:corners=4,match
example_059_earlier,R2.1,R2.1,0.745146,lsd_corner_refinement:lsd_geometry_rescue:h=0.96/0.94:v=0.67/1.00:corners=4,match
example_059_earlier,R2.2,R2.2,0.932893,enclosed_blank_outline:support=0.94:fill=0.98,match
example_059_earlier,R3.1,R3.1,0.902938,lsd_corner_refinement:lsd_geometry_rescue:h=0.98/0.98:v=1.00/0.92:corners=4,match
example_059_earlier,R4.1,R4.1,0.961308,rectilinear_zone_85:observed=3:virtual=1,match
example_061_earlier,R1.1,R1.2,0.881703,lsd_corner_refinement:lsd_geometry_rescue:h=0.98/0.83:v=0.81/1.00:corners=3,match
example_061_earlier,R1.2,R1.1,0.887688,lsd_corner_refinement:lsd_geometry_rescue:h=0.93/0.93:v=1.00/1.00:corners=4,match
example_061_earlier,R1.3,R1.3,0.779221,lsd_corner_refinement:lsd_geometry_rescue:h=0.98/0.95:v=0.92/0.57:corners=4,match
example_061_earlier,R2.1,R2.1,0.963741,lsd_corner_refinement:lsd_geometry_rescue:h=0.99/0.99:v=1.00/1.00:corners=4,match
example_061_later,R1.1,R3.1,0.906447,lsd_corner_refinement:lsd_geometry_rescue:h=0.99/0.99:v=0.89/1.00:corners=4,match
example_061_later,R2.1,R1.1,0.862788,lsd_corner_refinement:lsd_geometry_rescue:h=0.89/0.97:v=0.98/0.92:corners=3,match
example_061_later,R3.1,R2.1,0.937066,rectilinear_zone_55:observed=3:virtual=1,match
example_062_earlier,R1.1,R1.1,0.943635,lsd_corner_refinement:lsd_geometry_rescue:h=0.98/0.98:v=0.95/0.95:corners=4,match
example_062_earlier,R1.2,R1.2,0.990665,rectilinear_zone_150:observed=3:virtual=1,match
example_062_earlier,R1.3,R1.3,0.977902,rectilinear_zone_150:observed=3:virtual=1,match
example_062_later,R1.1,R2.1,0.93065,lsd_corner_refinement:lsd_geometry_rescue:h=0.98/0.98:v=0.98/0.97:corners=4,match
example_062_later,R2.1,R1.1,0.899597,enclosed_blank_outline:support=0.72:fill=0.94,match
